ANO,EMPRESA,TICKER,SETOR,LUCRO_LIQUIDO_BI,PATRIMONIO_LIQUIDO_BI,ROE,DATA,COTACAO_FINAL_ANO
2021,COSAN S.A.,CSAN3.SA,"Agricultura (Açúcar, Álcool e Cana)",14.51918,28.870022,0.502915,2021-12-31,19.94
2021,BCO BRADESCO S.A.,BBDC4.SA,Bancos,39.414765,150.228707,0.262365,2021-12-31,12.31
2021,BCO BRASIL S.A.,BBAS3.SA,Bancos,33.015754,146.110233,0.225965,2021-12-31,10.18
2021,BCO SANTANDER (BRASIL) S.A.,SANB11.SA,Bancos,29.010076,105.974495,0.273746,2021-12-31,22.04
2021,AMBEV S.A.,ABEV3.SA,Bebidas e Fumo,49.708982,84.017617,0.59165,2021-12-31,12.24
2021,"B3 S.A. - BRASIL, BOLSA, BALCÃO",B3SA3.SA,Bolsas de Valores/Mercadorias e Futuros,17.735608,22.41937,0.791084,2021-12-31,9.4
2021,VIVARA PARTICIPAÇÕES S.A.,VIVA3.SA,Comércio (Atacado e Varejo),0.445162,1.392731,0.319633,2021-12-31,23.23
2021,VIBRA ENERGIA S/A,VBBR3.SA,Comércio (Atacado e Varejo),12.804,12.308,1.040299,2021-12-31,15.33
2021,CIA BRASILEIRA DE DISTRIBUICAO,PCAR3.SA,Comércio (Atacado e Varejo),6.572,16.38,0.401221,2021-12-31,21.41
2021,MAGAZINE LUIZA S.A.,MGLU3.SA,Comércio (Atacado e Varejo),0.98237,11.261231,0.087235,2021-12-31,61.85
2021,BR MALLS PARTICIPACOES S.A.,ALOS3.SA,Emp. Adm. Part. - Comércio (Atacado e Varejo),-0.248118,11.239247,-0.022076,2021-12-31,16.3
2021,COGNA EDUCAÇÃO S.A.,COGN3.SA,Emp. Adm. Part. - Educação,-6.318785,13.770664,-0.458858,2021-12-31,2.09
2021,CPFL ENERGIA S.A.,CPFE3.SA,Emp. Adm. Part. - Energia Elétrica,17.121474,16.805878,1.018779,2021-12-31,20.72
2021,ALUPAR INVESTIMENTO S/A,ALUP11.SA,Emp. Adm. Part. - Energia Elétrica,4.178321,10.001723,0.41776,2021-12-31,17.27
2021,ITAÚSA S.A.,ITSA4.SA,Emp. Adm. Part. - Intermediação Financeira,41.27,69.508,0.593745,2021-12-31,4.88
2021,METALURGICA GERDAU S.A.,GOAU4.SA,Emp. Adm. Part. - Metalurgia e Siderurgia,35.875376,43.623062,0.822395,2021-12-31,6.01
2021,WEG S.A.,WEGE3.SA,"Emp. Adm. Part. - Máqs., Equip., Veíc. e Peças",6.053437,14.010672,0.432059,2021-12-31,29.56
2021,SUZANO HOLDING S.A.,SUZB3.SA,Emp. Adm. Part. - Papel e Celulose,-2.097161,15.230792,-0.137692,2021-12-31,52.49
2021,ULTRAPAR PARTICIPACOES S.A.,UGPA3.SA,Emp. Adm. Part. - Petróleo e Gás,1.811575,10.46924,0.173038,2021-12-31,11.79
2021,CAIXA SEGURIDADE PARTICIPAÇÕES S.A.,CXSE3.SA,Emp. Adm. Part. - Seguradoras e Corretoras,3.665565,10.558769,0.347158,2021-12-31,5.68
2021,RUMO S.A.,RAIL3.SA,Emp. Adm. Part. - Serviços Transporte e Logística,0.920832,15.018563,0.061313,2021-12-31,16.75
2021,EQUATORIAL S.A.,EQTL3.SA,Energia Elétrica,7.750162,14.604472,0.53067,2021-12-31,20.08
2021,CIA ENERGETICA DE MINAS GERAIS - CEMIG,CMIG4.SA,Energia Elétrica,6.61799,19.461765,0.340051,2021-12-31,4.16
2021,VALE S.A.,VALE3.SA,Extração Mineral,292.492,197.058,1.484294,2021-12-31,51.56
2021,CSN MINERAÇÃO S.A.,CMIN3.SA,Extração Mineral,10.401676,13.998289,0.743068,2021-12-31,3.73
2021,METISA METALURGICA TIMBOENSE S.A.,MTSA4.SA,Metalurgia e Siderurgia,0.110387,0.315893,0.349444,2021-12-31,31.5
2021,CIA SIDERURGICA NACIONAL,CSNA3.SA,Metalurgia e Siderurgia,35.776478,23.374389,1.530585,2021-12-31,16.79
2021,USINAS SID DE MINAS GERAIS S.A.-USIMINAS,USIM5.SA,Metalurgia e Siderurgia,22.703394,24.358503,0.932052,2021-12-31,13.26
2021,GERDAU S.A.,GGBR4.SA,Metalurgia e Siderurgia,17.946992,42.815649,0.419169,2021-12-31,16.12
2021,PETROLEO BRASILEIRO S.A. PETROBRAS,PETR4.SA,Petróleo e Gás,227.02,389.581,0.582729,2021-12-31,9.45
2021,HAPVIDA PARTICIPAÇÕES E INVESTIMENTOS S.A.,HAPV3.SA,Serviços Médicos,2.57127,10.572994,0.243192,2021-12-31,155.7
2021,REDE D'OR SÃO LUIZ S.A.,RDOR3.SA,Serviços Médicos,2.137158,14.677939,0.145603,2021-12-31,38.07
2021,TELEFÔNICA BRASIL S.A,VIVT3.SA,Telecomunicações,10.999884,70.006196,0.157127,2021-12-31,18.07
2021,TIM BRASIL SERVIÇOS E PARTICIPAÇÕES S.A.,TIMS3.SA,Telecomunicações,4.64126,25.188425,0.184262,2021-12-31,8.98
2022,COSAN S.A.,CSAN3.SA,"Agricultura (Açúcar, Álcool e Cana)",18.343302,48.169399,0.380808,2022-12-31,16.1
2022,RAIZEN ENERGIA S.A.,RAIZ4.SA,"Agricultura (Açúcar, Álcool e Cana)",1.751984,13.595854,0.128862,2022-12-31,3.44
2022,BCO BRASIL S.A.,BBAS3.SA,Bancos,49.572206,163.077123,0.30398,2022-12-31,13.73
2022,BCO BRADESCO S.A.,BBDC4.SA,Bancos,44.598,158.741264,0.280948,2022-12-31,10.92
2022,BCO SANTANDER (BRASIL) S.A.,SANB11.SA,Bancos,29.898798,110.680176,0.270137,2022-12-31,22.12
2022,AMBEV S.A.,ABEV3.SA,Bebidas e Fumo,56.027746,83.327827,0.672377,2022-12-31,12.13
2022,"B3 S.A. - BRASIL, BOLSA, BALCÃO",B3SA3.SA,Bolsas de Valores/Mercadorias e Futuros,17.887374,20.283143,0.881884,2022-12-31,11.56
2022,VIVARA PARTICIPAÇÕES S.A.,VIVA3.SA,Comércio (Atacado e Varejo),0.659345,1.657953,0.397686,2022-12-31,20.53
2022,VIBRA ENERGIA S/A,VBBR3.SA,Comércio (Atacado e Varejo),8.068,12.613,0.639657,2022-12-31,11.7
2022,LOJAS RENNER S.A.,LREN3.SA,Comércio (Atacado e Varejo),3.849632,10.087515,0.381623,2022-12-31,15.65
2022,CIA BRASILEIRA DE DISTRIBUICAO,PCAR3.SA,Comércio (Atacado e Varejo),1.912,13.733,0.139227,2022-12-31,16.52
2022,MAGAZINE LUIZA S.A.,MGLU3.SA,Comércio (Atacado e Varejo),0.091686,10.648701,0.00861,2022-12-31,23.47
2022,BR MALLS PARTICIPACOES S.A.,ALOS3.SA,Emp. Adm. Part. - Comércio (Atacado e Varejo),1.681068,11.265549,0.149222,2022-12-31,13.04
2022,COGNA EDUCAÇÃO S.A.,COGN3.SA,Emp. Adm. Part. - Educação,-1.053983,13.241388,-0.079598,2022-12-31,1.8
2022,CPFL ENERGIA S.A.,CPFE3.SA,Emp. Adm. Part. - Energia Elétrica,20.145128,17.539944,1.148529,2022-12-31,28.16
2022,ENERGISA S.A.,ENGI11.SA,Emp. Adm. Part. - Energia Elétrica,5.242827,12.483752,0.419972,2022-12-31,33.96
2022,ALUPAR INVESTIMENTO S/A,ALUP11.SA,Emp. Adm. Part. - Energia Elétrica,3.786689,10.371619,0.365101,2022-12-31,21.28
2022,ITAÚSA S.A.,ITSA4.SA,Emp. Adm. Part. - Intermediação Financeira,54.89,76.535,0.717188,2022-12-31,5.47
2022,METALURGICA GERDAU S.A.,GOAU4.SA,Emp. Adm. Part. - Metalurgia e Siderurgia,54.032764,47.289112,1.142605,2022-12-31,7.63
2022,WEG S.A.,WEGE3.SA,"Emp. Adm. Part. - Máqs., Equip., Veíc. e Peças",7.930352,15.248355,0.520079,2022-12-31,35.14
2022,SUZANO HOLDING S.A.,SUZB3.SA,Emp. Adm. Part. - Papel e Celulose,32.026989,33.239904,0.96351,2022-12-31,44.68
2022,ULTRAPAR PARTICIPACOES S.A.,UGPA3.SA,Emp. Adm. Part. - Petróleo e Gás,2.723947,12.174968,0.223733,2022-12-31,10.67
2022,CAIXA SEGURIDADE PARTICIPAÇÕES S.A.,CXSE3.SA,Emp. Adm. Part. - Seguradoras e Corretoras,4.848992,10.889112,0.445306,2022-12-31,6.12
2022,RUMO S.A.,RAIL3.SA,Emp. Adm. Part. - Serviços Transporte e Logística,1.339524,15.41045,0.086923,2022-12-31,17.57
2022,CIA ENERGETICA DE MINAS GERAIS - CEMIG,CMIG4.SA,Energia Elétrica,7.847236,21.783266,0.360241,2022-12-31,5.5
2022,EQUATORIAL S.A.,EQTL3.SA,Energia Elétrica,6.224512,18.56698,0.335246,2022-12-31,24.61
2022,AUREN ENERGIA S.A.,AURE3.SA,Energia Elétrica,4.416572,15.253078,0.289553,2022-12-31,11.54
2022,ENEVA S.A,ENEV3.SA,Energia Elétrica,1.549066,13.736018,0.112774,2022-12-31,11.93
2022,VALE S.A.,VALE3.SA,Extração Mineral,435.36,194.894,2.23383,2022-12-31,64.42
2022,CSN MINERAÇÃO S.A.,CMIN3.SA,Extração Mineral,9.321264,11.393427,0.818126,2022-12-31,2.79
2022,HYPERA S.A.,HYPE3.SA,Farmacêutico e Higiene,3.028704,10.655441,0.28424,2022-12-31,38.89
2022,METISA METALURGICA TIMBOENSE S.A.,MTSA4.SA,Metalurgia e Siderurgia,0.144955,0.383232,0.378243,2022-12-31,36.67
2022,CIA SIDERURGICA NACIONAL,CSNA3.SA,Metalurgia e Siderurgia,31.526638,21.816044,1.445113,2022-12-31,11.46
2022,GERDAU S.A.,GGBR4.SA,Metalurgia e Siderurgia,27.03849,46.298193,0.584007,2022-12-31,19.77
2022,USINAS SID DE MINAS GERAIS S.A.-USIMINAS,USIM5.SA,Metalurgia e Siderurgia,24.305686,25.88775,0.938888,2022-12-31,6.6
2022,KLABIN S.A.,KLBN11.SA,Papel e Celulose,8.093777,11.568266,0.699653,2022-12-31,14.45
2022,PETROLEO BRASILEIRO S.A. PETROBRAS,PETR4.SA,Petróleo e Gás,592.538,364.385,1.626132,2022-12-31,13.04
2022,PORTO SEGURO S.A.,PSSA3.SA,Seguradoras e Corretoras,2.696553,10.641057,0.25341,2022-12-31,19.36
2022,REDE D'OR SÃO LUIZ S.A.,RDOR3.SA,Serviços Médicos,2.940052,23.07697,0.127402,2022-12-31,25.48
2022,HAPVIDA PARTICIPAÇÕES E INVESTIMENTOS S.A.,HAPV3.SA,Serviços Médicos,-0.551008,48.756711,-0.011301,2022-12-31,76.2
2022,LOCALIZA RENT A CAR S.A.,RENT3.SA,Serviços Transporte e Logística,7.769768,20.570605,0.377712,2022-12-31,46.13
2022,TELEFÔNICA BRASIL S.A,VIVT3.SA,Telecomunicações,10.287259,68.455847,0.150276,2022-12-31,14.96
2022,TIM BRASIL SERVIÇOS E PARTICIPAÇÕES S.A.,TIMS3.SA,Telecomunicações,4.477609,25.480494,0.175727,2022-12-31,8.88
2023,COSAN S.A.,CSAN3.SA,"Agricultura (Açúcar, Álcool e Cana)",15.411238,50.98118,0.302293,2023-12-31,18.7
2023,RAIZEN ENERGIA S.A.,RAIZ4.SA,"Agricultura (Açúcar, Álcool e Cana)",1.802831,22.172246,0.08131,2023-12-31,4.01
2023,BCO BRASIL S.A.,BBAS3.SA,Bancos,63.16677,173.570326,0.363926,2023-12-31,23.83
2023,BCO BRADESCO S.A.,BBDC4.SA,Bancos,35.959535,167.014124,0.215308,2023-12-31,13.72
2023,BCO SANTANDER (BRASIL) S.A.,SANB11.SA,Bancos,23.838287,114.856354,0.207549,2023-12-31,26.9
2023,AMBEV S.A.,ABEV3.SA,Bebidas e Fumo,59.7035,80.143802,0.744955,2023-12-31,12.07
2023,"B3 S.A. - BRASIL, BOLSA, BALCÃO",B3SA3.SA,Bolsas de Valores/Mercadorias e Futuros,16.71822,20.286099,0.824122,2023-12-31,13.13
2023,VIVARA PARTICIPAÇÕES S.A.,VIVA3.SA,Comércio (Atacado e Varejo),0.730099,1.933722,0.377561,2023-12-31,31.91
2023,VIBRA ENERGIA S/A,VBBR3.SA,Comércio (Atacado e Varejo),12.606,15.731,0.801348,2023-12-31,17.83
2023,LOJAS RENNER S.A.,LREN3.SA,Comércio (Atacado e Varejo),4.535926,10.047221,0.451461,2023-12-31,13.89
2023,BR MALLS PARTICIPACOES S.A.,ALOS3.SA,Emp. Adm. Part. - Comércio (Atacado e Varejo),7.90146,13.132195,0.601686,2023-12-31,20.94
2023,COGNA EDUCAÇÃO S.A.,COGN3.SA,Emp. Adm. Part. - Educação,-1.052351,12.706279,-0.082821,2023-12-31,2.97
2023,CPFL ENERGIA S.A.,CPFE3.SA,Emp. Adm. Part. - Energia Elétrica,21.511948,19.998753,1.075664,2023-12-31,35.67
2023,ENERGISA S.A.,ENGI11.SA,Emp. Adm. Part. - Energia Elétrica,5.011554,15.715696,0.318888,2023-12-31,42.91
2023,ALUPAR INVESTIMENTO S/A,ALUP11.SA,Emp. Adm. Part. - Energia Elétrica,2.814859,10.62879,0.264833,2023-12-31,26.25
2023,ITAÚSA S.A.,ITSA4.SA,Emp. Adm. Part. - Intermediação Financeira,56.264,87.05,0.646341,2023-12-31,7.49
2023,METALURGICA GERDAU S.A.,GOAU4.SA,Emp. Adm. Part. - Metalurgia e Siderurgia,38.094756,49.573439,0.768451,2023-12-31,7.32
2023,WEG S.A.,WEGE3.SA,"Emp. Adm. Part. - Máqs., Equip., Veíc. e Peças",10.140487,17.854776,0.567943,2023-12-31,34.22
2023,SUZANO HOLDING S.A.,SUZB3.SA,Emp. Adm. Part. - Papel e Celulose,37.460954,44.861712,0.835032,2023-12-31,52.73
2023,ULTRAPAR PARTICIPACOES S.A.,UGPA3.SA,Emp. Adm. Part. - Petróleo e Gás,4.357822,14.029826,0.310611,2023-12-31,22.91
2023,CAIXA SEGURIDADE PARTICIPAÇÕES S.A.,CXSE3.SA,Emp. Adm. Part. - Seguradoras e Corretoras,6.591207,12.58588,0.523699,2023-12-31,10.41
2023,RUMO S.A.,RAIL3.SA,Emp. Adm. Part. - Serviços Transporte e Logística,2.471876,15.871055,0.155747,2023-12-31,21.74
2023,CIA ENERGETICA DE MINAS GERAIS - CEMIG,CMIG4.SA,Energia Elétrica,9.861202,24.655193,0.399965,2023-12-31,6.33
2023,EQUATORIAL S.A.,EQTL3.SA,Energia Elétrica,4.798287,25.283659,0.189778,2023-12-31,32.99
2023,AUREN ENERGIA S.A.,AURE3.SA,Energia Elétrica,4.72185,12.368953,0.38175,2023-12-31,12.81
2023,ENEVA S.A,ENEV3.SA,Energia Elétrica,0.679206,14.937636,0.045469,2023-12-31,13.61
2023,VALE S.A.,VALE3.SA,Extração Mineral,273.782,198.325,1.380471,2023-12-31,60.73
2023,CSN MINERAÇÃO S.A.,CMIN3.SA,Extração Mineral,6.519035,10.698697,0.60933,2023-12-31,6.11
2023,HYPERA S.A.,HYPE3.SA,Farmacêutico e Higiene,3.348949,11.517873,0.290761,2023-12-31,31.73
2023,METISA METALURGICA TIMBOENSE S.A.,MTSA4.SA,Metalurgia e Siderurgia,0.180392,0.444004,0.406284,2023-12-31,41.59
2023,GERDAU S.A.,GGBR4.SA,Metalurgia e Siderurgia,19.016535,49.238863,0.38621,2023-12-31,17.92
2023,USINAS SID DE MINAS GERAIS S.A.-USIMINAS,USIM5.SA,Metalurgia e Siderurgia,7.466514,26.549437,0.281231,2023-12-31,8.98
2023,CIA SIDERURGICA NACIONAL,CSNA3.SA,Metalurgia e Siderurgia,5.140694,19.684838,0.26115,2023-12-31,17.75
2023,KLABIN S.A.,KLBN11.SA,Papel e Celulose,7.536291,13.732531,0.548791,2023-12-31,17.16
2023,PETROLEO BRASILEIRO S.A. PETROBRAS,PETR4.SA,Petróleo e Gás,628.342,382.34,1.643412,2023-12-31,25.66
2023,PRIO S.A.,PRIO3.SA,Petróleo e Gás,8.581951,13.87828,0.618373,2023-12-31,46.05
2023,CIA SANEAMENTO BASICO EST SAO PAULO,SBSP3.SA,"Saneamento, Serv. Água e Gás",7.047062,29.857376,0.236024,2023-12-31,13.55
2023,PORTO SEGURO S.A.,PSSA3.SA,Seguradoras e Corretoras,3.472271,12.497798,0.277831,2023-12-31,25.22
2023,REDE D'OR SÃO LUIZ S.A.,RDOR3.SA,Serviços Médicos,3.376018,23.835646,0.141637,2023-12-31,25.13
2023,HAPVIDA PARTICIPAÇÕES E INVESTIMENTOS S.A.,HAPV3.SA,Serviços Médicos,-4.951058,49.255143,-0.100519,2023-12-31,66.75
2023,LOCALIZA RENT A CAR S.A.,RENT3.SA,Serviços Transporte e Logística,7.288594,25.397815,0.286977,2023-12-31,56.74
2023,TELEFÔNICA BRASIL S.A,VIVT3.SA,Telecomunicações,9.097879,69.62732,0.130665,2023-12-31,22.47
2023,TIM S.A.,TIMS3.SA,Telecomunicações,4.508177,26.01594,0.173285,2023-12-31,14.58
2024,RAIZEN ENERGIA S.A.,RAIZ4.SA,"Agricultura (Açúcar, Álcool e Cana)",-0.668519,20.006611,-0.033415,2024-12-31,2.16
2024,COSAN S.A.,CSAN3.SA,"Agricultura (Açúcar, Álcool e Cana)",-6.554044,39.398362,-0.166353,2024-12-31,8.16
2024,BCO BRASIL S.A.,BBAS3.SA,Bancos,62.337155,184.236344,0.338354,2024-12-31,22.54
2024,BCO BRADESCO S.A.,BBDC4.SA,Bancos,32.044918,168.942492,0.189679,2024-12-31,9.86
2024,BCO SANTANDER (BRASIL) S.A.,SANB11.SA,Bancos,22.912575,119.827132,0.191214,2024-12-31,20.99
2024,BANCO DO ESTADO DO RIO GRANDE DO SUL SA,BRSR6.SA,Bancos,1.740232,10.418753,0.167029,2024-12-31,8.6
2024,AMBEV S.A.,ABEV3.SA,Bebidas e Fumo,59.614822,99.580514,0.59866,2024-12-31,10.89
2024,"B3 S.A. - BRASIL, BOLSA, BALCÃO",B3SA3.SA,Bolsas de Valores/Mercadorias e Futuros,17.418406,18.383454,0.947505,2024-12-31,9.63
2024,VIVARA PARTICIPAÇÕES S.A.,VIVA3.SA,Comércio (Atacado e Varejo),1.022638,2.496943,0.409556,2024-12-31,18.23
2024,VIBRA ENERGIA S/A,VBBR3.SA,Comércio (Atacado e Varejo),22.266,20.385,1.092274,2024-12-31,15.02
2024,LOJAS RENNER S.A.,LREN3.SA,Comércio (Atacado e Varejo),4.345854,10.772951,0.403404,2024-12-31,11.12
2024,MAGAZINE LUIZA S.A.,MGLU3.SA,Comércio (Atacado e Varejo),-0.530387,11.319262,-0.046857,2024-12-31,5.95
2024,ALLOS S.A.,ALOS3.SA,Emp. Adm. Part. - Comércio (Atacado e Varejo),8.611776,14.13452,0.609273,2024-12-31,15.59
2024,COGNA EDUCAÇÃO S.A.,COGN3.SA,Emp. Adm. Part. - Educação,0.480278,13.545135,0.035458,2024-12-31,0.93
2024,CPFL ENERGIA S.A.,CPFE3.SA,Emp. Adm. Part. - Energia Elétrica,22.597432,21.795029,1.036816,2024-12-31,29.26
2024,ENERGISA S.A.,ENGI11.SA,Emp. Adm. Part. - Energia Elétrica,7.219816,22.143222,0.326051,2024-12-31,30.28
2024,ALUPAR INVESTIMENTO S/A,ALUP11.SA,Emp. Adm. Part. - Energia Elétrica,3.010892,11.723503,0.256825,2024-12-31,24.03
2024,ITAÚSA S.A.,ITSA4.SA,Emp. Adm. Part. - Intermediação Financeira,57.73,94.997,0.607703,2024-12-31,7.14
2024,METALURGICA GERDAU S.A.,GOAU4.SA,Emp. Adm. Part. - Metalurgia e Siderurgia,24.391212,58.253714,0.418707,2024-12-31,7.2
2024,WEG S.A.,WEGE3.SA,"Emp. Adm. Part. - Máqs., Equip., Veíc. e Peças",12.186378,23.125217,0.526974,2024-12-31,49.8
2024,SUZANO HOLDING S.A.,SUZB3.SA,Emp. Adm. Part. - Papel e Celulose,6.976293,32.479559,0.21479,2024-12-31,60.46
2024,ULTRAPAR PARTICIPACOES S.A.,UGPA3.SA,Emp. Adm. Part. - Petróleo e Gás,5.043653,15.823444,0.318746,2024-12-31,14.06
2024,CAIXA SEGURIDADE PARTICIPAÇÕES S.A.,CXSE3.SA,Emp. Adm. Part. - Seguradoras e Corretoras,7.347428,12.889324,0.57004,2024-12-31,12.34
2024,RUMO S.A.,RAIL3.SA,Emp. Adm. Part. - Serviços Transporte e Logística,-0.45465,14.935155,-0.030442,2024-12-31,16.98
2024,ENGIE BRASIL ENERGIA S.A.,EGIE3.SA,Energia Elétrica,23.195703,12.280398,1.88884,2024-12-31,23.41
2024,CIA ENERGETICA DE MINAS GERAIS - CEMIG,CMIG4.SA,Energia Elétrica,12.886122,27.383079,0.470587,2024-12-31,8.99
2024,EQUATORIAL S.A.,EQTL3.SA,Energia Elétrica,6.644089,29.887586,0.222303,2024-12-31,25.69
2024,ENEVA S.A,ENEV3.SA,Energia Elétrica,0.852904,20.214767,0.042192,2024-12-31,10.53
2024,AUREN ENERGIA S.A.,AURE3.SA,Energia Elétrica,-0.09164,14.483354,-0.006327,2024-12-31,8.71
2024,VALE S.A.,VALE3.SA,Extração Mineral,141.97,213.72,0.66428,2024-12-31,46.88
2024,CSN MINERAÇÃO S.A.,CMIN3.SA,Extração Mineral,8.096455,10.269114,0.788428,2024-12-31,4.56
2024,HYPERA S.A.,HYPE3.SA,Farmacêutico e Higiene,2.981425,12.101819,0.246362,2024-12-31,16.8
2024,METISA METALURGICA TIMBOENSE S.A.,MTSA4.SA,Metalurgia e Siderurgia,0.117798,0.459343,0.256449,2024-12-31,35.56
2024,GERDAU S.A.,GGBR4.SA,Metalurgia e Siderurgia,12.136045,58.173786,0.208617,2024-12-31,17.1
2024,USINAS SID DE MINAS GERAIS S.A.-USIMINAS,USIM5.SA,Metalurgia e Siderurgia,3.28746,26.683688,0.123201,2024-12-31,5.32
2024,CIA SIDERURGICA NACIONAL,CSNA3.SA,Metalurgia e Siderurgia,-2.270984,15.459116,-0.146903,2024-12-31,8.86
2024,PETROLEO BRASILEIRO S.A. PETROBRAS,PETR4.SA,Petróleo e Gás,324.35,367.514,0.882551,2024-12-31,30.56
2024,PRIO S.A.,PRIO3.SA,Petróleo e Gás,15.481511,25.924192,0.597184,2024-12-31,40.15
2024,BRAVA ENERGIA S.A.,BRAV3.SA,Petróleo e Gás,-0.968952,10.523671,-0.092074,2024-12-31,23.38
2024,CIA SANEAMENTO BASICO EST SAO PAULO,SBSP3.SA,"Saneamento, Serv. Água e Gás",26.206188,36.928054,0.709655,2024-12-31,16.2
2024,PORTO SEGURO S.A.,PSSA3.SA,Seguradoras e Corretoras,5.005639,14.145398,0.35387,2024-12-31,32.85
2024,REDE D'OR SÃO LUIZ S.A.,RDOR3.SA,Serviços Médicos,6.047821,26.701868,0.226494,2024-12-31,22.74
2024,HAPVIDA PARTICIPAÇÕES E INVESTIMENTOS S.A.,HAPV3.SA,Serviços Médicos,-2.52801,48.676923,-0.051934,2024-12-31,33.45
2024,LOCALIZA RENT A CAR S.A.,RENT3.SA,Serviços Transporte e Logística,7.2328,26.342714,0.274565,2024-12-31,29.88
2024,TELEFÔNICA BRASIL S.A,VIVT3.SA,Telecomunicações,10.597309,69.799495,0.151825,2024-12-31,20.81
2024,TIM BRASIL SERVIÇOS E PARTICIPAÇÕES S.A.,TIMS3.SA,Telecomunicações,4.820405,22.681077,0.21253,2024-12-31,12.59
2025,RAIZEN ENERGIA S.A.,RAIZ4.SA,"Agricultura (Açúcar, Álcool e Cana)",-7.411643,15.124031,-0.490057,2025-12-31,0.81
2025,COSAN S.A.,CSAN3.SA,"Agricultura (Açúcar, Álcool e Cana)",-36.712334,31.009632,-1.183901,2025-12-31,5.32
2025,BCO BRASIL S.A.,BBAS3.SA,Bancos,45.953502,193.567416,0.237403,2025-12-31,21.42
2025,BCO BRADESCO S.A.,BBDC4.SA,Bancos,41.466789,178.94863,0.231725,2025-12-31,17.41
2025,BCO SANTANDER (BRASIL) S.A.,SANB11.SA,Bancos,26.378886,126.553144,0.208441,2025-12-31,32.15
2025,BANCO DO ESTADO DO RIO GRANDE DO SUL SA,BRSR6.SA,Bancos,2.442349,11.465151,0.213024,2025-12-31,14.54
2025,AMBEV S.A.,ABEV3.SA,Bebidas e Fumo,61.67077,88.774781,0.694688,2025-12-31,13.82
2025,"B3 S.A. - BRASIL, BOLSA, BALCÃO",B3SA3.SA,Bolsas de Valores/Mercadorias e Futuros,18.327126,17.464079,1.049418,2025-12-31,13.26
2025,VIVARA PARTICIPAÇÕES S.A.,VIVA3.SA,Comércio (Atacado e Varejo),1.272896,2.949567,0.431554,2025-12-31,33.24
2025,VIBRA ENERGIA S/A,VBBR3.SA,Comércio (Atacado e Varejo),16.692,20.741,0.804783,2025-12-31,24.67
2025,LOJAS RENNER S.A.,LREN3.SA,Comércio (Atacado e Varejo),5.308468,10.456281,0.507682,2025-12-31,13.05
2025,MAGAZINE LUIZA S.A.,MGLU3.SA,Comércio (Atacado e Varejo),0.65332,11.27803,0.057929,2025-12-31,8.86
2025,CYRELA BRAZIL REALTY S.A.EMPREEND E PART,CYRE3.SA,"Construção Civil, Mat. Constr. e Decoração",4.316881,11.466784,0.376468,2025-12-31,29.62
2025,GRUPO MATEUS S.A.,GMAT3.SA,Emp. Adm. Part. - Comércio (Atacado e Varejo),6.259852,11.467816,0.545863,2025-12-31,4.51
2025,ALLOS S.A.,ALOS3.SA,Emp. Adm. Part. - Comércio (Atacado e Varejo),3.514542,13.899006,0.252863,2025-12-31,26.14
2025,COGNA EDUCAÇÃO S.A.,COGN3.SA,Emp. Adm. Part. - Educação,1.577666,13.45475,0.117257,2025-12-31,3.14
2025,CPFL ENERGIA S.A.,CPFE3.SA,Emp. Adm. Part. - Energia Elétrica,23.008214,23.504509,0.978885,2025-12-31,49.36
2025,ENERGISA S.A.,ENGI11.SA,Emp. Adm. Part. - Energia Elétrica,7.776354,21.184544,0.367077,2025-12-31,46.64
2025,ALUPAR INVESTIMENTO S/A,ALUP11.SA,Emp. Adm. Part. - Energia Elétrica,3.593099,12.576514,0.285699,2025-12-31,31.31
2025,ITAÚSA S.A.,ITSA4.SA,Emp. Adm. Part. - Intermediação Financeira,62.874,93.379,0.673321,2025-12-31,11.39
2025,METALURGICA GERDAU S.A.,GOAU4.SA,Emp. Adm. Part. - Metalurgia e Siderurgia,12.048472,53.858747,0.223705,2025-12-31,8.78
2025,WEG S.A.,WEGE3.SA,"Emp. Adm. Part. - Máqs., Equip., Veíc. e Peças",13.094721,18.553364,0.705787,2025-12-31,48.29
2025,SUZANO HOLDING S.A.,SUZB3.SA,Emp. Adm. Part. - Papel e Celulose,6.351517,42.648767,0.148926,2025-12-31,51.44
2025,ULTRAPAR PARTICIPACOES S.A.,UGPA3.SA,Emp. Adm. Part. - Petróleo e Gás,5.067808,17.730617,0.285822,2025-12-31,20.3
2025,BB SEGURIDADE PARTICIPAÇÕES S.A.,BBSE3.SA,Emp. Adm. Part. - Seguradoras e Corretoras,17.720682,10.384393,1.706473,2025-12-31,32.02
2025,CAIXA SEGURIDADE PARTICIPAÇÕES S.A.,CXSE3.SA,Emp. Adm. Part. - Seguradoras e Corretoras,8.056744,13.550484,0.594572,2025-12-31,15.69
2025,RUMO S.A.,RAIL3.SA,Emp. Adm. Part. - Serviços Transporte e Logística,-0.168234,14.048438,-0.011975,2025-12-31,14.66
2025,ENGIE BRASIL ENERGIA S.A.,EGIE3.SA,Energia Elétrica,21.48228,13.914493,1.543878,2025-12-31,30.33
2025,CIA ENERGETICA DE MINAS GERAIS - CEMIG,CMIG4.SA,Energia Elétrica,12.018904,28.581703,0.42051,2025-12-31,10.57
2025,EQUATORIAL S.A.,EQTL3.SA,Energia Elétrica,6.271736,28.327947,0.221397,2025-12-31,38.5
2025,ENEVA S.A,ENEV3.SA,Energia Elétrica,2.241102,21.406342,0.104693,2025-12-31,20.18
2025,AUREN ENERGIA S.A.,AURE3.SA,Energia Elétrica,-0.572012,13.775463,-0.041524,2025-12-31,11.87
2025,VALE S.A.,VALE3.SA,Extração Mineral,84.484,188.926,0.44718,2025-12-31,70.0
2025,HYPERA S.A.,HYPE3.SA,Farmacêutico e Higiene,2.521007,12.524374,0.201288,2025-12-31,23.01
2025,METISA METALURGICA TIMBOENSE S.A.,MTSA4.SA,Metalurgia e Siderurgia,0.071204,0.456007,0.156147,2025-12-31,49.25
2025,GERDAU S.A.,GGBR4.SA,Metalurgia e Siderurgia,6.0175,53.798489,0.111853,2025-12-31,19.92
2025,USINAS SID DE MINAS GERAIS S.A.-USIMINAS,USIM5.SA,Metalurgia e Siderurgia,-5.813344,23.701381,-0.245274,2025-12-31,5.95
2025,CIA SIDERURGICA NACIONAL,CSNA3.SA,Metalurgia e Siderurgia,-6.089734,15.73635,-0.386985,2025-12-31,8.94
2025,KLABIN S.A.,KLBN11.SA,Papel e Celulose,3.725156,14.401101,0.258672,2025-12-31,18.76
2025,PETROLEO BRASILEIRO S.A. PETROBRAS,PETR4.SA,Petróleo e Gás,295.228,417.587,0.706986,2025-12-31,28.98
2025,PRIO S.A.,PRIO3.SA,Petróleo e Gás,12.553085,25.779881,0.486933,2025-12-31,41.42
2025,BRAVA ENERGIA S.A.,BRAV3.SA,Petróleo e Gás,1.003068,11.774188,0.085192,2025-12-31,16.74
2025,CIA SANEAMENTO BASICO EST SAO PAULO,SBSP3.SA,"Saneamento, Serv. Água e Gás",36.083244,42.401124,0.850997,2025-12-31,26.49
2025,PORTO SEGURO S.A.,PSSA3.SA,Seguradoras e Corretoras,6.11486,15.871223,0.38528,2025-12-31,46.54
2025,REDE D'OR SÃO LUIZ S.A.,RDOR3.SA,Serviços Médicos,8.777743,21.621087,0.405981,2025-12-31,40.23
2025,HAPVIDA PARTICIPAÇÕES E INVESTIMENTOS S.A.,HAPV3.SA,Serviços Médicos,-1.58309,48.25027,-0.03281,2025-12-31,14.73
2025,LOCALIZA RENT A CAR S.A.,RENT3.SA,Serviços Transporte e Logística,7.36756,25.539012,0.288483,2025-12-31,42.53
2025,TELEFÔNICA BRASIL S.A,VIVT3.SA,Telecomunicações,11.734875,69.002726,0.170064,2025-12-31,31.2
2025,TIM BRASIL SERVIÇOS E PARTICIPAÇÕES S.A.,TIMS3.SA,Telecomunicações,5.80085,19.545484,0.296787,2025-12-31,21.05
