DENOM_CIA,ANO_ARQUIVO,VL_CONTA
2W ECOBANK S.A. - EM RECUPERAÇÃO JUDICIAL,2021,44981.0
2W ECOBANK S.A. - EM RECUPERAÇÃO JUDICIAL,2022,125786.0
2W ECOBANK S.A. - EM RECUPERAÇÃO JUDICIAL,2023,-77416.0
2W ECOBANK S.A. - EM RECUPERAÇÃO JUDICIAL,2024,-474368.0
AEGEA SANEAMENTO E PARTICIPAÇÕES S.A.,2021,6403746.0
AEGEA SANEAMENTO E PARTICIPAÇÕES S.A.,2022,5955308.0
AEGEA SANEAMENTO E PARTICIPAÇÕES S.A.,2023,10956308.0
AEGEA SANEAMENTO E PARTICIPAÇÕES S.A.,2024,11403835.0
AEGEA SANEAMENTO E PARTICIPAÇÕES S.A.,2025,4694561.0
AERIS IND. E COM. DE EQUIP. PARA GER. DE ENG. S.A.,2021,999592.0
AERIS IND. E COM. DE EQUIP. PARA GER. DE ENG. S.A.,2022,884868.0
AERIS IND. E COM. DE EQUIP. PARA GER. DE ENG. S.A.,2023,1138258.0
AERIS IND. E COM. DE EQUIP. PARA GER. DE ENG. S.A.,2024,206877.0
AERIS IND. E COM. DE EQUIP. PARA GER. DE ENG. S.A.,2025,-696291.0
AGROGALAXY PARTICIPAÇÕES S.A. - EM RECUPERAÇÃO JUDICIAL,2021,1474188.0
AGROGALAXY PARTICIPAÇÕES S.A. - EM RECUPERAÇÃO JUDICIAL,2022,1501466.0
AGROGALAXY PARTICIPAÇÕES S.A. - EM RECUPERAÇÃO JUDICIAL,2023,1136662.0
AGROGALAXY PARTICIPAÇÕES S.A. - EM RECUPERAÇÃO JUDICIAL,2024,-1745639.0
ALARES INTERNET PARTICIPAÇÕES S/A,2021,347837.0
ALARES INTERNET PARTICIPAÇÕES S/A,2022,399362.0
ALARES INTERNET PARTICIPAÇÕES S/A,2023,460122.0
ALARES INTERNET PARTICIPAÇÕES S/A,2024,519606.0
ALARES INTERNET PARTICIPAÇÕES S/A,2025,436285.0
ALGAR TELECOM S/A,2021,1606482.0
ALGAR TELECOM S/A,2022,1640399.0
ALGAR TELECOM S/A,2023,1490786.0
ALGAR TELECOM S/A,2024,1159636.0
ALGAR TELECOM S/A,2025,962592.0
ALIPERTI S.A.,2021,232449.0
ALIPERTI S.A.,2022,207402.0
ALIPERTI S.A.,2023,222832.0
ALIPERTI S.A.,2024,256397.0
ALIPERTI S.A.,2025,246675.0
ALLIANÇA SAÚDE E PARTICIPAÇÕES S.A.,2021,1209434.0
ALLIANÇA SAÚDE E PARTICIPAÇÕES S.A.,2022,981917.0
ALLIANÇA SAÚDE E PARTICIPAÇÕES S.A.,2023,943992.0
ALLIANÇA SAÚDE E PARTICIPAÇÕES S.A.,2024,1136817.0
ALLIANÇA SAÚDE E PARTICIPAÇÕES S.A.,2025,-252232.0
ALLIED TECNOLOGIA S.A.,2021,1511717.0
ALLIED TECNOLOGIA S.A.,2022,1499921.0
ALLIED TECNOLOGIA S.A.,2023,1599166.0
ALLIED TECNOLOGIA S.A.,2024,1588986.0
ALLIED TECNOLOGIA S.A.,2025,1551768.0
ALLOS S.A.,2021,7809986.0
ALLOS S.A.,2022,7877031.0
ALLOS S.A.,2023,15104732.0
ALLOS S.A.,2024,14134520.0
ALLOS S.A.,2025,13899006.0
"ALLPARK EMPREENDIMENTOS, PARTICIPAÇÕES E SERVIÇOS S.A.",2021,562050.0
"ALLPARK EMPREENDIMENTOS, PARTICIPAÇÕES E SERVIÇOS S.A.",2022,425819.0
"ALLPARK EMPREENDIMENTOS, PARTICIPAÇÕES E SERVIÇOS S.A.",2023,374276.0
"ALLPARK EMPREENDIMENTOS, PARTICIPAÇÕES E SERVIÇOS S.A.",2024,362927.0
"ALLPARK EMPREENDIMENTOS, PARTICIPAÇÕES E SERVIÇOS S.A.",2025,368806.0
ALMACENES ÉXITO S.A.,2021,11253129.0
ALMACENES ÉXITO S.A.,2022,9148451.0
ALMACENES ÉXITO S.A.,2023,9400449.0
ALMACENES ÉXITO S.A.,2024,11256603.0
ALMEIDA JUNIOR SHOPPING CENTERS S.A.,2021,1472162.0
ALMEIDA JUNIOR SHOPPING CENTERS S.A.,2022,1584739.0
ALMEIDA JUNIOR SHOPPING CENTERS S.A.,2023,1619083.0
ALMEIDA JUNIOR SHOPPING CENTERS S.A.,2024,1747681.0
ALMEIDA JUNIOR SHOPPING CENTERS S.A.,2025,2441070.0
ALPARGATAS S.A.,2021,3467211.0
ALPARGATAS S.A.,2022,5759758.0
ALPARGATAS S.A.,2023,3727467.0
ALPARGATAS S.A.,2024,4036379.0
ALPARGATAS S.A.,2025,3323759.0
ALPER CONSULTORIA E CORRETORA DE SEGUROS S.A.,2021,296726.0
ALPER CONSULTORIA E CORRETORA DE SEGUROS S.A.,2022,472644.0
ALPER CONSULTORIA E CORRETORA DE SEGUROS S.A.,2023,468884.0
ALPER CONSULTORIA E CORRETORA DE SEGUROS S.A.,2025,665341.0
ALPHAVILLE S.A.,2021,12796.0
ALPHAVILLE S.A.,2022,-392464.0
ALPHAVILLE S.A.,2023,-771732.0
ALPHAVILLE S.A.,2024,-31815.0
ALPHAVILLE S.A.,2025,-169987.0
ALUBAR METAIS E CABOS S.A.,2022,315261.0
ALUBAR METAIS E CABOS S.A.,2023,207129.0
ALUBAR METAIS E CABOS S.A.,2024,198766.0
ALUBAR METAIS E CABOS S.A.,2025,775735.0
ALUPAR INVESTIMENTO S/A,2021,10001723.0
ALUPAR INVESTIMENTO S/A,2022,10371619.0
ALUPAR INVESTIMENTO S/A,2023,10628790.0
ALUPAR INVESTIMENTO S/A,2024,11723503.0
ALUPAR INVESTIMENTO S/A,2025,12576514.0
AMAZONE FUN PARKS S.A.,2021,-483041.0
AMAZONE FUN PARKS S.A.,2022,-2554041.0
AMBEV S.A.,2021,84017617.0
AMBEV S.A.,2022,83327827.0
AMBEV S.A.,2023,80143802.0
AMBEV S.A.,2024,99580514.0
AMBEV S.A.,2025,88774781.0
AMBIPAR PARTICIPAÇÕES E EMPREENDIMENTOS S.A.,2021,1304732.0
AMBIPAR PARTICIPAÇÕES E EMPREENDIMENTOS S.A.,2022,1299550.0
AMBIPAR PARTICIPAÇÕES E EMPREENDIMENTOS S.A.,2023,2613335.0
AMBIPAR PARTICIPAÇÕES E EMPREENDIMENTOS S.A.,2024,2732554.0
AMERICANAS S.A. - EM RECUPERAÇÃO JUDICIAL,2021,15910976.0
AMERICANAS S.A. - EM RECUPERAÇÃO JUDICIAL,2022,-26666621.0
AMERICANAS S.A. - EM RECUPERAÇÃO JUDICIAL,2023,-28850000.0
AMERICANAS S.A. - EM RECUPERAÇÃO JUDICIAL,2024,4970000.0
AMERICANAS S.A. - EM RECUPERAÇÃO JUDICIAL,2025,4759000.0
AMMO VAREJO S.A.,2021,59966.0
AMMO VAREJO S.A.,2022,170150.0
AMMO VAREJO S.A.,2023,13724.0
AMMO VAREJO S.A.,2024,-62488.0
ANEMUS WIND HOLDING S.A.,2021,250643.0
ANEMUS WIND HOLDING S.A.,2022,230030.0
ANEMUS WIND HOLDING S.A.,2023,384301.0
ANEMUS WIND HOLDING S.A.,2024,227505.0
ANIMA HOLDING S.A.,2021,2412361.0
ANIMA HOLDING S.A.,2022,3201468.0
ANIMA HOLDING S.A.,2023,2857343.0
ANIMA HOLDING S.A.,2024,2780234.0
ANIMA HOLDING S.A.,2025,2833656.0
ARANDU INVESTIMENTOS S.A.,2022,278757.0
ARANDU INVESTIMENTOS S.A.,2023,280335.0
ARANDU INVESTIMENTOS S.A.,2024,307487.0
ARANDU INVESTIMENTOS S.A.,2025,133113.0
ARGO ENERGIA EMPREENDIMENTOS E PARTICIPAÇÕES S/A,2021,2137991.0
ARGO ENERGIA EMPREENDIMENTOS E PARTICIPAÇÕES S/A,2022,4783166.0
ARGO ENERGIA EMPREENDIMENTOS E PARTICIPAÇÕES S/A,2023,5376323.0
ARGO ENERGIA EMPREENDIMENTOS E PARTICIPAÇÕES S/A,2024,5537083.0
ARGO ENERGIA EMPREENDIMENTOS E PARTICIPAÇÕES S/A,2025,3739672.0
"ARMAC LOCAÇÃO, LOGÍSTICA E SERVIÇOS S.A.",2021,1112697.0
"ARMAC LOCAÇÃO, LOGÍSTICA E SERVIÇOS S.A.",2022,1158521.0
"ARMAC LOCAÇÃO, LOGÍSTICA E SERVIÇOS S.A.",2024,1311017.0
"ARMAC LOCAÇÃO, LOGÍSTICA E SERVIÇOS S.A.",2025,1330338.0
ARTERIS S.A.,2021,6464386.0
ARTERIS S.A.,2022,4843908.0
ARTERIS S.A.,2023,4401735.0
ARTERIS S.A.,2024,3560342.0
ARTERIS S.A.,2025,3776094.0
ASA BRANCA HOLDING S.A.,2021,103718.0
ASA BRANCA HOLDING S.A.,2022,101757.0
ASA BRANCA HOLDING S.A.,2023,35838.0
ASA BRANCA HOLDING S.A.,2024,-2452.0
ASA BRANCA HOLDING S.A.,2025,-22748.0
ASSURUÁ 4 E 5 HOLDING ENERGIA S.A.,2024,920764.0
ASSURUÁ 4 E 5 HOLDING ENERGIA S.A.,2025,910350.0
ATACADÃO S.A.,2021,18396000.0
ATACADÃO S.A.,2022,21772000.0
ATACADÃO S.A.,2023,20827000.0
ATACADÃO S.A.,2024,22614000.0
ATHENA SAÚDE BRASIL SA,2021,1762950.0
ATHENA SAÚDE BRASIL SA,2022,1742204.0
ATOM EDUCAÇÃO E EDITORA S.A.,2024,24147.0
ATOM EDUCAÇÃO E EDITORA S.A.,2025,20208.0
AURA ALMAS MINERAÇÃO S.A.,2021,229702.0
AURA ALMAS MINERAÇÃO S.A.,2022,234699.0
AURA ALMAS MINERAÇÃO S.A.,2023,198390.0
AURA ALMAS MINERAÇÃO S.A.,2024,375759.0
AURA ALMAS MINERAÇÃO S.A.,2025,371197.0
AURA MINERALS INC.,2021,1519428.0
AURA MINERALS INC.,2022,1618151.0
AURA MINERALS INC.,2023,1524051.0
AURA MINERALS INC.,2024,1380604.0
AURA MINERALS INC.,2025,1462194.0
AUREN ENERGIA S.A.,2021,9046515.0
AUREN ENERGIA S.A.,2022,15253078.0
AUREN ENERGIA S.A.,2023,12368953.0
AUREN ENERGIA S.A.,2024,14483354.0
AUREN ENERGIA S.A.,2025,13775463.0
AUREN OPERAÇÕES S.A.,2021,4613565.0
AUREN OPERAÇÕES S.A.,2022,3887649.0
AUREN OPERAÇÕES S.A.,2023,3934847.0
AUREN OPERAÇÕES S.A.,2024,3659890.0
AUREN OPERAÇÕES S.A.,2025,4697786.0
AUREN PARTICIPAÇÕES S.A.,2021,4034236.0
AUREN PARTICIPAÇÕES S.A.,2022,5573795.0
AUREN PARTICIPAÇÕES S.A.,2023,5579423.0
AUREN PARTICIPAÇÕES S.A.,2024,6321027.0
AUREN PARTICIPAÇÕES S.A.,2025,5284857.0
AUSTRAVIAS S.A.,2022,506381.0
AUSTRAVIAS S.A.,2023,498419.0
AUSTRAVIAS S.A.,2024,146687.0
AUSTRAVIAS S.A.,2025,830578.0
AUTOMOB PARTICIPAÇÕES S.A.,2023,3187458.0
AUTOMOB PARTICIPAÇÕES S.A.,2024,2302582.0
AUTOMOB PARTICIPAÇÕES S.A.,2025,2018964.0
AUTOMOB S.A.,2022,1009020.0
AUTOMOB S.A.,2023,1044112.0
AXIA ENERGIA NORDESTE S.A.,2024,34615192.0
AXIA ENERGIA NORDESTE S.A.,2025,33655080.0
AXIA ENERGIA NORTE S.A.,2023,60141282.0
AXIA ENERGIA NORTE S.A.,2024,31672653.0
AXIA ENERGIA NORTE S.A.,2025,32677354.0
AXIA ENERGIA S.A.,2022,111028636.0
AXIA ENERGIA S.A.,2023,112464644.0
AXIA ENERGIA S.A.,2024,121999776.0
AXIA ENERGIA S.A.,2025,118501657.0
AXIA ENERGIA SUL S.A.,2023,16163302.0
AXIA ENERGIA SUL S.A.,2024,8805726.0
AXIA ENERGIA SUL S.A.,2025,9376379.0
AZEVEDO & TRAVASSOS ENERGIA S.A.,2024,154638.0
AZEVEDO & TRAVASSOS ENERGIA S.A.,2025,248016.0
AZEVEDO E TRAVASSOS S.A.,2021,106971.0
AZEVEDO E TRAVASSOS S.A.,2022,97000.0
AZEVEDO E TRAVASSOS S.A.,2023,317120.0
AZEVEDO E TRAVASSOS S.A.,2024,136381.0
AZEVEDO E TRAVASSOS S.A.,2025,111704.0
AZUL S.A.,2021,-18333003.0
AZUL S.A.,2022,-19007500.0
AZUL S.A.,2023,-21327848.0
AZUL S.A.,2024,-30435270.0
AZUL S.A.,2025,-29038062.0
AZZAS 2154 S.A.,2021,1592006.0
AZZAS 2154 S.A.,2022,2654593.0
AZZAS 2154 S.A.,2023,2929099.0
AZZAS 2154 S.A.,2024,7721515.0
AZZAS 2154 S.A.,2025,7977304.0
B100 S.A.,2025,-746.0
"B3 S.A. - BRASIL, BOLSA, BALCÃO",2021,22419370.0
"B3 S.A. - BRASIL, BOLSA, BALCÃO",2022,20283143.0
"B3 S.A. - BRASIL, BOLSA, BALCÃO",2023,20286099.0
"B3 S.A. - BRASIL, BOLSA, BALCÃO",2024,18383454.0
"B3 S.A. - BRASIL, BOLSA, BALCÃO",2025,17464079.0
BANCO BMG S/A,2021,3823900.0
BANCO BMG S/A,2022,4130867.0
BANCO BMG S/A,2023,4180259.0
BANCO BMG S/A,2024,4406593.0
BANCO BMG S/A,2025,4642319.0
BANCO DO ESTADO DO RIO GRANDE DO SUL SA,2022,9520306.0
BANCO DO ESTADO DO RIO GRANDE DO SUL SA,2023,9865773.0
BANCO DO ESTADO DO RIO GRANDE DO SUL SA,2024,10418753.0
BANCO DO ESTADO DO RIO GRANDE DO SUL SA,2025,11465151.0
BANCO INTER S.A.,2021,8462483.0
BANCO INTER S.A.,2022,8357164.0
BANCO MODAL S.A.,2021,1273612.0
BANCO MODAL S.A.,2022,1288219.0
BANCO NACIONAL S.A.,2024,6800894.0
BANCO RCI BRASIL S.A.,2021,1449497.0
BANCO RCI BRASIL S.A.,2022,1323452.0
BANCO RCI BRASIL S.A.,2023,1215867.0
BANCO RCI BRASIL S.A.,2024,1493668.0
BANCO RCI BRASIL S.A.,2025,1216629.0
BANESTES S.A. - BCO EST ESPIRITO SANTO,2021,1833483.0
BANESTES S.A. - BCO EST ESPIRITO SANTO,2022,1992179.0
BANESTES S.A. - BCO EST ESPIRITO SANTO,2023,2120818.0
BANESTES S.A. - BCO EST ESPIRITO SANTO,2024,2313548.0
BANESTES S.A. - BCO EST ESPIRITO SANTO,2025,2423231.0
BARDELLA S.A. INDUSTRIAS MECANICAS EM RECUPERAÇÃO JUDICIAL,2021,-176405.0
BARDELLA S.A. INDUSTRIAS MECANICAS EM RECUPERAÇÃO JUDICIAL,2022,-110715.0
BARDELLA S.A. INDUSTRIAS MECANICAS EM RECUPERAÇÃO JUDICIAL,2023,-193155.0
BARDELLA S.A. INDUSTRIAS MECANICAS EM RECUPERAÇÃO JUDICIAL,2024,-223937.0
BARDELLA S.A. INDUSTRIAS MECANICAS EM RECUPERAÇÃO JUDICIAL,2025,-244690.0
BAUMER S.A.,2021,131723.0
BAUMER S.A.,2022,134590.0
BAUMER S.A.,2023,145599.0
BAUMER S.A.,2024,174544.0
BAUMER S.A.,2025,143988.0
BB SEGURIDADE PARTICIPAÇÕES S.A.,2021,7281416.0
BB SEGURIDADE PARTICIPAÇÕES S.A.,2022,7596101.0
BB SEGURIDADE PARTICIPAÇÕES S.A.,2023,9816482.0
BB SEGURIDADE PARTICIPAÇÕES S.A.,2024,9695421.0
BB SEGURIDADE PARTICIPAÇÕES S.A.,2025,10384393.0
BBM LOGÍSTICA S.A.,2021,136704.0
BBM LOGÍSTICA S.A.,2022,68461.0
BBM LOGÍSTICA S.A.,2023,14634.0
BBM LOGÍSTICA S.A.,2024,-360413.0
BBM LOGÍSTICA S.A.,2025,-645923.0
BCBF PARTICIPAÇÕES S.A.,2021,6979942.0
BCBF PARTICIPAÇÕES S.A.,2022,7789280.0
BCO ABC BRASIL S.A.,2021,4713676.0
BCO ABC BRASIL S.A.,2022,5236507.0
BCO ABC BRASIL S.A.,2023,5889901.0
BCO ALFA DE INVESTIMENTO S.A.,2021,1598115.0
BCO ALFA DE INVESTIMENTO S.A.,2022,1696682.0
BCO ALFA DE INVESTIMENTO S.A.,2023,1711530.0
BCO BRADESCO S.A.,2021,150228707.0
BCO BRADESCO S.A.,2022,158741264.0
BCO BRADESCO S.A.,2023,167014124.0
BCO BRADESCO S.A.,2024,168942492.0
BCO BRADESCO S.A.,2025,178948630.0
BCO BRASIL S.A.,2021,146110233.0
BCO BRASIL S.A.,2022,163077123.0
BCO BRASIL S.A.,2023,173570326.0
BCO BRASIL S.A.,2024,184236344.0
BCO BRASIL S.A.,2025,193567416.0
BCO BTG PACTUAL S.A.,2021,44642247.0
BCO BTG PACTUAL S.A.,2022,49567082.0
BCO BTG PACTUAL S.A.,2023,56388167.0
BCO BTG PACTUAL S.A.,2024,65871805.0
BCO BTG PACTUAL S.A.,2025,80293552.0
BCO DAYCOVAL S.A.,2021,5105779.0
BCO DAYCOVAL S.A.,2022,5845838.0
BCO DAYCOVAL S.A.,2023,6250344.0
BCO DAYCOVAL S.A.,2024,7192010.0
BCO DAYCOVAL S.A.,2025,7202855.0
BCO ESTADO DO RIO GRANDE DO SUL S.A.,2021,9088598.0
BCO MERCANTIL DO BRASIL S.A.,2021,1215237.0
BCO MERCANTIL DO BRASIL S.A.,2022,1362545.0
BCO MERCANTIL DO BRASIL S.A.,2023,1612149.0
BCO MERCANTIL DO BRASIL S.A.,2024,1894589.0
BCO MERCANTIL DO BRASIL S.A.,2025,2332793.0
BCO PAN S.A.,2021,5973850.0
BCO PAN S.A.,2022,7124093.0
BCO PAN S.A.,2023,7421676.0
BCO PAN S.A.,2024,7496366.0
BCO PINE S.A,2021,803254.0
BCO PINE S.A,2022,869606.0
BCO PINE S.A,2023,981899.0
BCO PINE S.A,2024,1071917.0
BCO PINE S.A,2025,1436601.0
BCO SANTANDER (BRASIL) S.A.,2021,105974495.0
BCO SANTANDER (BRASIL) S.A.,2022,110680176.0
BCO SANTANDER (BRASIL) S.A.,2023,114856354.0
BCO SANTANDER (BRASIL) S.A.,2024,119827132.0
BCO SANTANDER (BRASIL) S.A.,2025,126553144.0
BEMOBI MOBILE TECH S.A.,2021,1029723.0
BEMOBI MOBILE TECH S.A.,2022,1058526.0
BEMOBI MOBILE TECH S.A.,2023,1086342.0
BEMOBI MOBILE TECH S.A.,2024,1170039.0
BEMOBI MOBILE TECH S.A.,2025,973357.0
BIOMA EDUCAÇÃO S.A.,2021,149721.0
BIOMA EDUCAÇÃO S.A.,2022,87050.0
BIOMA EDUCAÇÃO S.A.,2023,122640.0
BIOMA EDUCAÇÃO S.A.,2024,123867.0
BIOMA EDUCAÇÃO S.A.,2025,55219.0
BIOMM S.A.,2021,111586.0
BIOMM S.A.,2022,159109.0
BIOMM S.A.,2023,122940.0
BIOMM S.A.,2024,262784.0
BIOMM S.A.,2025,313508.0
BIONEXO S.A.,2021,241413.0
BIONEXO S.A.,2022,197327.0
BIONEXO S.A.,2023,263976.0
BIONEXO S.A.,2024,260521.0
BIONEXO S.A.,2025,251722.0
BIOSEV S.A.,2021,-847034.0
BLAU FARMACÊUTICA S.A.,2021,1634885.0
BLAU FARMACÊUTICA S.A.,2022,1817934.0
BLAU FARMACÊUTICA S.A.,2023,1995249.0
BLAU FARMACÊUTICA S.A.,2024,2150664.0
BLAU FARMACÊUTICA S.A.,2025,2255742.0
BLUE TECH SOLUTIONS EQI S.A.,2021,56569.0
BLUEFIT ACADEMIAS DE GINÁSTICA E PARTICIPAÇÕES S.A.,2021,38370.0
BLUEFIT ACADEMIAS DE GINÁSTICA E PARTICIPAÇÕES S.A.,2022,86121.0
BLUEFIT ACADEMIAS DE GINÁSTICA E PARTICIPAÇÕES S.A.,2023,269203.0
BLUEFIT ACADEMIAS DE GINÁSTICA E PARTICIPAÇÕES S.A.,2024,455226.0
BLUEFIT ACADEMIAS DE GINÁSTICA E PARTICIPAÇÕES S.A.,2025,541410.0
BOA SAFRA SEMENTES S.A.,2022,957122.0
BOA SAFRA SEMENTES S.A.,2023,1472507.0
BOA SAFRA SEMENTES S.A.,2024,1954270.0
BOA SAFRA SEMENTES S.A.,2025,1967730.0
BOA VISTA SERVIÇOS S.A.,2021,2045267.0
BOA VISTA SERVIÇOS S.A.,2022,2199224.0
BOMBRIL S.A. - EM RECUPERAÇÃO JUDICIAL,2021,-178255.0
BOMBRIL S.A. - EM RECUPERAÇÃO JUDICIAL,2022,-155672.0
BOMBRIL S.A. - EM RECUPERAÇÃO JUDICIAL,2023,-55506.0
BOMBRIL S.A. - EM RECUPERAÇÃO JUDICIAL,2024,-1607723.0
BOMBRIL S.A. - EM RECUPERAÇÃO JUDICIAL,2025,-1539713.0
BORRACHAS VIPAL S.A.,2021,516856.0
BORRACHAS VIPAL S.A.,2022,439735.0
BORRACHAS VIPAL S.A.,2023,658478.0
BORRACHAS VIPAL S.A.,2024,915149.0
BORRACHAS VIPAL S.A.,2025,981332.0
BR MALLS PARTICIPACOES S.A.,2021,11239247.0
BR MALLS PARTICIPACOES S.A.,2022,11265549.0
BR MALLS PARTICIPACOES S.A.,2023,13132195.0
BR MALLS PARTICIPACOES S.A.,2024,12331330.0
BR MALLS PARTICIPACOES S.A.,2025,12418515.0
BR PROPERTIES S.A.,2021,7101699.0
BR PROPERTIES S.A.,2022,4416023.0
BRADESPAR S.A.,2021,7502810.0
BRADESPAR S.A.,2022,7477001.0
BRADESPAR S.A.,2023,7834019.0
BRADSAÚDE S.A.,2022,1185518.0
BRADSAÚDE S.A.,2023,2775348.0
BRADSAÚDE S.A.,2024,1228233.0
BRADSAÚDE S.A.,2025,1282244.0
BRASIL BIOFUELS S.A.,2023,1405316.0
BRASIL BIOFUELS S.A.,2024,957074.0
BRASIL TECNOLOGIA E PARTICIPAÇÕES S.A.,2023,987030.0
BRASIL TECNOLOGIA E PARTICIPAÇÕES S.A.,2024,484964.0
BRASIL TECNOLOGIA E PARTICIPAÇÕES S.A.,2025,938557.0
BRASILAGRO - CIA BRAS DE PROP AGRICOLAS,2021,2182601.0
BRASILAGRO - CIA BRAS DE PROP AGRICOLAS,2022,2216048.0
BRASILAGRO - CIA BRAS DE PROP AGRICOLAS,2023,2197142.0
BRASILAGRO - CIA BRAS DE PROP AGRICOLAS,2024,2179679.0
BRASILAGRO - CIA BRAS DE PROP AGRICOLAS,2025,2177728.0
BRASILIANA PARTICIPAÇÕES S/A,2021,-34365.0
BRASILIANA PARTICIPAÇÕES S/A,2022,-55889.0
BRASILIANA PARTICIPAÇÕES S/A,2023,-53404.0
BRASKEM S.A.,2021,6203828.0
BRASKEM S.A.,2022,6108217.0
BRASKEM S.A.,2023,3279000.0
BRASKEM S.A.,2024,-4278000.0
BRASKEM S.A.,2025,-16502000.0
BRAVA ENERGIA S.A.,2021,4175445.0
BRAVA ENERGIA S.A.,2022,4341275.0
BRAVA ENERGIA S.A.,2023,5565090.0
BRAVA ENERGIA S.A.,2024,10523671.0
BRAVA ENERGIA S.A.,2025,11774188.0
"BRAZIL TOWER, CESSÃO DE INFRA-ESTRUTURAS S.A",2024,45484.0
"BRAZIL TOWER, CESSÃO DE INFRA-ESTRUTURAS S.A",2025,141638.0
BRAZILIAN FINANCE E REAL ESTATE S.A.,2021,0.0
BRAZILIAN FINANCE E REAL ESTATE S.A.,2022,207149.0
BRAZILIAN FINANCE E REAL ESTATE S.A.,2023,220249.0
BRB BANCO DE BRASILIA S.A.,2021,2489668.0
BRB BANCO DE BRASILIA S.A.,2022,2270650.0
BRB BANCO DE BRASILIA S.A.,2023,2312281.0
BRB BANCO DE BRASILIA S.A.,2024,3535542.0
BRBI BR PARTNERS S.A,2021,767206.0
BRBI BR PARTNERS S.A,2022,804217.0
BRBI BR PARTNERS S.A,2023,820817.0
BRBI BR PARTNERS S.A,2024,804590.0
BRBI BR PARTNERS S.A,2025,783298.0
BRF S.A.,2021,8825623.0
BRF S.A.,2022,11822869.0
BRF S.A.,2023,15643656.0
BRF S.A.,2024,16499204.0
BRF S.A.,2025,15030148.0
BRISANET PARTICIPAÇÕES S.A.,2021,1342099.0
BRISANET PARTICIPAÇÕES S.A.,2022,1378627.0
BRISANET PARTICIPAÇÕES S.A.,2023,1508058.0
BRISANET SERVIÇOS DE TELECOMUNICAÇÕES S.A.,2023,3079256.0
BRISANET SERVIÇOS DE TELECOMUNICAÇÕES S.A.,2024,1520725.0
BRISANET SERVIÇOS DE TELECOMUNICAÇÕES S.A.,2025,1553417.0
BRK AMBIENTAL PARTICIPAÇÕES S.A.,2021,3430994.0
BRK AMBIENTAL PARTICIPAÇÕES S.A.,2022,3429058.0
BRK AMBIENTAL PARTICIPAÇÕES S.A.,2023,3360112.0
BRK AMBIENTAL PARTICIPAÇÕES S.A.,2024,3343387.0
BRK AMBIENTAL PARTICIPAÇÕES S.A.,2025,3267255.0
BRQ SOLUCOES EM INFORMATICA S.A.,2021,118967.0
BRQ SOLUCOES EM INFORMATICA S.A.,2022,177853.0
BRQ SOLUCOES EM INFORMATICA S.A.,2023,208163.0
BRQ SOLUCOES EM INFORMATICA S.A.,2024,231187.0
BRQ SOLUCOES EM INFORMATICA S.A.,2025,94344.0
BRZ EMPREENDIMENTOS E CONSTRUÇÕES S.A.,2022,231678.0
BRZ EMPREENDIMENTOS E CONSTRUÇÕES S.A.,2023,234447.0
BRZ EMPREENDIMENTOS E CONSTRUÇÕES S.A.,2024,268965.0
BRZ EMPREENDIMENTOS E CONSTRUÇÕES S.A.,2025,152200.0
BTG PACTUAL COMMODITIES SERTRADING S.A.,2024,4380538.0
BTG PACTUAL COMMODITIES SERTRADING S.A.,2025,12193015.0
C&A MODAS S.A.,2021,2995009.0
C&A MODAS S.A.,2022,3000196.0
C&A MODAS S.A.,2023,3012719.0
C&A MODAS S.A.,2024,3308488.0
C&A MODAS S.A.,2025,3707056.0
CAIXA SEGURIDADE PARTICIPAÇÕES S.A.,2021,10558769.0
CAIXA SEGURIDADE PARTICIPAÇÕES S.A.,2022,10889112.0
CAIXA SEGURIDADE PARTICIPAÇÕES S.A.,2023,12585880.0
CAIXA SEGURIDADE PARTICIPAÇÕES S.A.,2024,12889324.0
CAIXA SEGURIDADE PARTICIPAÇÕES S.A.,2025,13550484.0
CAMBUCI S.A.,2021,124982.0
CAMBUCI S.A.,2022,171115.0
CAMBUCI S.A.,2023,232832.0
CAMBUCI S.A.,2024,281303.0
CAMBUCI S.A.,2025,305570.0
CAMIL ALIMENTOS S.A.,2021,2708708.0
CAMIL ALIMENTOS S.A.,2022,2879001.0
CAMIL ALIMENTOS S.A.,2023,2999422.0
CAMIL ALIMENTOS S.A.,2024,3087346.0
CAMIL ALIMENTOS S.A.,2025,3457590.0
CANTU STORE S.A.,2022,330820.0
CANTU STORE S.A.,2023,1001918.0
CANTU STORE S.A.,2024,1096614.0
CANTU STORE S.A.,2025,1392674.0
CARAMURU ALIMENTOS S.A.,2021,1514743.0
CARAMURU ALIMENTOS S.A.,2022,1818039.0
CARAMURU ALIMENTOS S.A.,2023,2008442.0
CARAMURU ALIMENTOS S.A.,2024,2237029.0
CARAMURU ALIMENTOS S.A.,2025,2748916.0
CBO HOLDING S.A.,2021,1696888.0
CBO HOLDING S.A.,2022,1678806.0
CBO HOLDING S.A.,2023,1660463.0
CBO HOLDING S.A.,2024,2070280.0
CBO HOLDING S.A.,2025,2035743.0
CCX CARVÃO DA COLÔMBIA S.A. - EM LIQUIDAÇÃO,2021,-77247.0
CCX CARVÃO DA COLÔMBIA S.A. - EM LIQUIDAÇÃO,2022,-74731.0
CEL PARTICIPAÇÕES S.A. - CELPAR,2021,-14142231.0
CEL PARTICIPAÇÕES S.A. - CELPAR,2022,-14001296.0
CEL PARTICIPAÇÕES S.A. - CELPAR,2023,-13876509.0
CEL PARTICIPAÇÕES S.A. - CELPAR,2024,-13719302.0
CEL PARTICIPAÇÕES S.A. - CELPAR,2025,-13574293.0
CELEO REDES TRANSMISSÃO DE ENERGIA S.A.,2021,283628.0
CELEO REDES TRANSMISSÃO DE ENERGIA S.A.,2022,292744.0
CELEO REDES TRANSMISSÃO DE ENERGIA S.A.,2023,282926.0
CELEO REDES TRANSMISSÃO DE ENERGIA S.A.,2024,238245.0
CELEO REDES TRANSMISSÃO DE ENERGIA S.A.,2025,127027.0
CEMIG GERACAO E TRANSMISSAO S.A.,2021,7755454.0
CEMIG GERACAO E TRANSMISSAO S.A.,2022,8892810.0
CEMIG GERACAO E TRANSMISSAO S.A.,2023,10046646.0
CEMIG GERACAO E TRANSMISSAO S.A.,2024,11665044.0
CEMIG GERACAO E TRANSMISSAO S.A.,2025,10892445.0
CENCOSUD BRASIL COMERCIAL S.A.,2021,2660468.0
CENCOSUD BRASIL COMERCIAL S.A.,2022,2159835.0
CENCOSUD BRASIL COMERCIAL S.A.,2023,1560384.0
CENTRAIS ELET BRAS S.A. - ELETROBRAS,2021,76416764.0
CENTRAIS ELET DE SANTA CATARINA S.A.,2021,2621369.0
CENTRAIS ELET DE SANTA CATARINA S.A.,2022,2883176.0
CENTRAIS ELET DE SANTA CATARINA S.A.,2023,2932567.0
CENTRAIS ELET DE SANTA CATARINA S.A.,2024,3671279.0
CENTRAIS ELET DE SANTA CATARINA S.A.,2025,3968465.0
CERRADINHO BIOENERGIA S.A.,2021,905601.0
CERRADINHO BIOENERGIA S.A.,2022,1128168.0
CERRADINHO BIOENERGIA S.A.,2023,1328785.0
CERRADINHO BIOENERGIA S.A.,2024,1347273.0
CERRADINHO BIOENERGIA S.A.,2025,1433331.0
CESP - CIA ENERGETICA DE SAO PAULO,2021,7583562.0
CESP - CIA ENERGETICA DE SAO PAULO,2022,10141330.0
CESP - CIA ENERGETICA DE SAO PAULO,2023,7961186.0
CESP - CIA ENERGETICA DE SAO PAULO,2024,7939081.0
CESP - CIA ENERGETICA DE SAO PAULO,2025,4779444.0
CHINA THREE GORGES BRASIL ENERGIA S.A.,2021,15951041.0
CHINA THREE GORGES BRASIL ENERGIA S.A.,2022,16462548.0
CHINA THREE GORGES BRASIL ENERGIA S.A.,2023,18281827.0
CHINA THREE GORGES BRASIL ENERGIA S.A.,2024,18801386.0
CHINA THREE GORGES BRASIL ENERGIA S.A.,2025,18981842.0
CIA BRASILEIRA DE DISTRIBUICAO,2021,16380000.0
CIA BRASILEIRA DE DISTRIBUICAO,2022,13733000.0
CIA BRASILEIRA DE DISTRIBUICAO,2023,4722000.0
CIA BRASILEIRA DE DISTRIBUICAO,2024,2935000.0
CIA BRASILEIRA DE DISTRIBUICAO,2025,2124000.0
CIA CELG DE PARTICIPACOES - CELGPAR,2021,1586841.0
CIA CELG DE PARTICIPACOES - CELGPAR,2022,0.0
CIA CELG DE PARTICIPACOES - CELGPAR,2023,0.0
CIA CELG DE PARTICIPACOES - CELGPAR,2024,783559.0
CIA ENERGETICA DE MINAS GERAIS - CEMIG,2021,19461765.0
CIA ENERGETICA DE MINAS GERAIS - CEMIG,2022,21783266.0
CIA ENERGETICA DE MINAS GERAIS - CEMIG,2023,24655193.0
CIA ENERGETICA DE MINAS GERAIS - CEMIG,2024,27383079.0
CIA ENERGETICA DE MINAS GERAIS - CEMIG,2025,28581703.0
CIA FERRO LIGAS DA BAHIA - FERBASA,2021,2370279.0
CIA FERRO LIGAS DA BAHIA - FERBASA,2022,3040887.0
CIA FERRO LIGAS DA BAHIA - FERBASA,2023,3191487.0
CIA FERRO LIGAS DA BAHIA - FERBASA,2024,3340773.0
CIA FERRO LIGAS DA BAHIA - FERBASA,2025,3286040.0
CIA FIACAO TECIDOS CEDRO CACHOEIRA,2021,146837.0
CIA FIACAO TECIDOS CEDRO CACHOEIRA,2022,119818.0
CIA FIACAO TECIDOS CEDRO CACHOEIRA,2023,200007.0
CIA FIACAO TECIDOS CEDRO CACHOEIRA,2024,310597.0
CIA HABITASUL DE PARTICIPACOES,2021,454949.0
CIA HABITASUL DE PARTICIPACOES,2022,482637.0
CIA HABITASUL DE PARTICIPACOES,2023,683809.0
CIA HABITASUL DE PARTICIPACOES,2024,639942.0
CIA HABITASUL DE PARTICIPACOES,2025,640201.0
CIA INDUSTRIAL SCHLOSSER S.A.,2021,-160940.0
CIA INDUSTRIAL SCHLOSSER S.A.,2022,-161186.0
CIA INDUSTRIAL SCHLOSSER S.A.,2023,-161270.0
CIA INDUSTRIAL SCHLOSSER S.A.,2024,-131145.0
CIA INDUSTRIAL SCHLOSSER S.A.,2025,-131423.0
CIA MELHORAMENTOS DE SAO PAULO,2021,823503.0
CIA MELHORAMENTOS DE SAO PAULO,2022,825896.0
CIA MELHORAMENTOS DE SAO PAULO,2023,838565.0
CIA MELHORAMENTOS DE SAO PAULO,2024,846585.0
CIA MELHORAMENTOS DE SAO PAULO,2025,811958.0
CIA MINEIRA DE AÇUCAR E ALCOOL PARTICIPAÇÕES,2021,263642.0
CIA MINEIRA DE AÇUCAR E ALCOOL PARTICIPAÇÕES,2022,446083.0
CIA MINEIRA DE AÇUCAR E ALCOOL PARTICIPAÇÕES,2023,595761.0
CIA PARANAENSE DE ENERGIA - COPEL,2021,22175235.0
CIA PARANAENSE DE ENERGIA - COPEL,2022,21131225.0
CIA PARANAENSE DE ENERGIA - COPEL,2023,24191667.0
CIA PARANAENSE DE ENERGIA - COPEL,2024,25636935.0
CIA PARANAENSE DE ENERGIA - COPEL,2025,23091978.0
CIA PARTICIPACOES ALIANCA DA BAHIA,2021,661783.0
CIA PARTICIPACOES ALIANCA DA BAHIA,2022,686684.0
CIA PARTICIPACOES ALIANCA DA BAHIA,2023,685984.0
CIA PARTICIPACOES ALIANCA DA BAHIA,2024,896214.0
CIA PARTICIPACOES ALIANCA DA BAHIA,2025,912423.0
CIA SANEAMENTO BASICO EST SAO PAULO,2023,29857376.0
CIA SANEAMENTO BASICO EST SAO PAULO,2024,36928054.0
CIA SANEAMENTO BASICO EST SAO PAULO,2025,42401124.0
CIA SANEAMENTO DE MINAS GERAIS-COPASA MG,2021,6759958.0
CIA SANEAMENTO DE MINAS GERAIS-COPASA MG,2022,7254514.0
CIA SANEAMENTO DE MINAS GERAIS-COPASA MG,2023,7573825.0
CIA SANEAMENTO DE MINAS GERAIS-COPASA MG,2024,8048229.0
CIA SANEAMENTO DE MINAS GERAIS-COPASA MG,2025,8578303.0
CIA SEGUROS ALIANCA DA BAHIA,2021,173654.0
CIA SEGUROS ALIANCA DA BAHIA,2022,189874.0
CIA SIDERURGICA NACIONAL,2021,23374389.0
CIA SIDERURGICA NACIONAL,2022,21816044.0
CIA SIDERURGICA NACIONAL,2023,19684838.0
CIA SIDERURGICA NACIONAL,2024,15459116.0
CIA SIDERURGICA NACIONAL,2025,15736350.0
CIA TECIDOS NORTE DE MINAS COTEMINAS,2021,1380965.0
CIA TECIDOS NORTE DE MINAS COTEMINAS,2022,724409.0
CIA TECIDOS NORTE DE MINAS COTEMINAS,2023,-543310.0
CIA TECIDOS NORTE DE MINAS COTEMINAS,2024,-891814.0
CIA TECIDOS SANTANENSE EM RECUPERAÇÃO JUDICIAL,2021,304984.0
CIA TECIDOS SANTANENSE EM RECUPERAÇÃO JUDICIAL,2022,311350.0
CIA TECIDOS SANTANENSE EM RECUPERAÇÃO JUDICIAL,2023,216765.0
CIA TECIDOS SANTANENSE EM RECUPERAÇÃO JUDICIAL,2024,99103.0
CIELO S.A. -  INSTITUIÇÃO DE PAGAMENTO,2021,13193603.0
CIELO S.A. -  INSTITUIÇÃO DE PAGAMENTO,2022,13816772.0
CIELO S.A. -  INSTITUIÇÃO DE PAGAMENTO,2023,14984852.0
CIELO S.A. -  INSTITUIÇÃO DE PAGAMENTO,2024,11969172.0
CIELO S.A. -  INSTITUIÇÃO DE PAGAMENTO,2025,13984130.0
CINESYSTEM S.A.,2021,-28997.0
CINESYSTEM S.A.,2022,-35963.0
CLARANET TECHNOLOGY S.A.,2021,94988.0
CLARANET TECHNOLOGY S.A.,2022,0.0
CLARO TELECOM PARTICIPAÇÕES S.A.,2021,13783239.0
CLARO TELECOM PARTICIPAÇÕES S.A.,2022,16468750.0
CLARO TELECOM PARTICIPAÇÕES S.A.,2023,18997830.0
CLARO TELECOM PARTICIPAÇÕES S.A.,2024,20107795.0
CLARO TELECOM PARTICIPAÇÕES S.A.,2025,24906178.0
CLEAR SALE S.A.,2021,777297.0
CLEAR SALE S.A.,2022,745253.0
CLEAR SALE S.A.,2023,720924.0
CLEAR SALE S.A.,2024,704683.0
CLI SUL S.A.,2022,2318952.0
CLI SUL S.A.,2023,723971.0
CLI SUL S.A.,2024,0.0
CLI SUL S.A.,2025,0.0
CM HOSPITALAR S.A,2021,2151017.0
CM HOSPITALAR S.A,2022,2280442.0
CM HOSPITALAR S.A,2023,3289360.0
CM HOSPITALAR S.A,2024,1926522.0
CM HOSPITALAR S.A,2025,1937089.0
COBRASMA S.A.,2021,-17630108.0
COBRASMA S.A.,2022,-20404295.0
COBRASMA S.A.,2023,-23131189.0
COBRASMA S.A.,2024,-27235984.0
COBRASMA S.A.,2025,-31650085.0
COGNA EDUCAÇÃO S.A.,2021,13770664.0
COGNA EDUCAÇÃO S.A.,2022,13241388.0
COGNA EDUCAÇÃO S.A.,2023,12706279.0
COGNA EDUCAÇÃO S.A.,2024,13545135.0
COGNA EDUCAÇÃO S.A.,2025,13454750.0
COMERC ENERGIA S.A.,2021,1184663.0
COMERC ENERGIA S.A.,2022,3440620.0
COMERC ENERGIA S.A.,2023,3532438.0
COMERC ENERGIA S.A.,2024,3779339.0
COMERC ENERGIA S.A.,2025,5064569.0
COMPANHIA BRASILEIRA DE ALUMÍNIO,2021,4715981.0
COMPANHIA BRASILEIRA DE ALUMÍNIO,2022,5323477.0
COMPANHIA BRASILEIRA DE ALUMÍNIO,2023,4704152.0
COMPANHIA BRASILEIRA DE ALUMÍNIO,2024,4011554.0
COMPANHIA BRASILEIRA DE ALUMÍNIO,2025,4514508.0
COMPANHIA BRASILEIRA DE EDUCAÇÃO E SISTEMA DE ENSINO S.A.,2025,2418950.0
COMPANHIA DE LOCAÇÃO DAS AMÉRICAS,2021,4925405.0
COMPANHIA DE LOCAÇÃO DAS AMÉRICAS,2022,5967003.0
COMPANHIA DE LOCAÇÃO DAS AMÉRICAS,2023,14894287.0
COMPANHIA DE LOCAÇÃO DAS AMÉRICAS,2024,17041633.0
COMPANHIA ENERGÉTICA DE BRASÍLIA - CEB,2021,1058221.0
COMPANHIA ENERGÉTICA DE BRASÍLIA - CEB,2022,1226957.0
COMPANHIA ENERGÉTICA DE BRASÍLIA - CEB,2023,1269038.0
COMPANHIA ENERGÉTICA DE BRASÍLIA - CEB,2024,1315080.0
COMPANHIA ENERGÉTICA DE BRASÍLIA - CEB,2025,1166103.0
COMPANHIA ESTADUAL DE GERAÇÃO DE ENERGIA ELÉTRICA - CEEE-G,2021,916451.0
COMPANHIA ESTADUAL DE GERAÇÃO DE ENERGIA ELÉTRICA - CEEE-G,2022,904911.0
COMPANHIA ESTADUAL DE GERAÇÃO DE ENERGIA ELÉTRICA - CEEE-G,2023,964273.0
COMPANHIA ESTADUAL DE GERAÇÃO DE ENERGIA ELÉTRICA - CEEE-G,2024,898092.0
COMPANHIA ESTADUAL DE GERAÇÃO DE ENERGIA ELÉTRICA - CEEE-G,2025,894990.0
COMPANHIA INDUSTRIAL CATAGUASES,2021,148323.0
COMPANHIA INDUSTRIAL CATAGUASES,2022,167743.0
COMPANHIA INDUSTRIAL CATAGUASES,2023,181624.0
COMPANHIA INDUSTRIAL CATAGUASES,2024,196200.0
COMPANHIA INDUSTRIAL CATAGUASES,2025,206113.0
COMPASS GÁS E ENERGIA S.A.,2021,6373113.0
COMPASS GÁS E ENERGIA S.A.,2022,8606784.0
COMPASS GÁS E ENERGIA S.A.,2023,8793620.0
COMPASS GÁS E ENERGIA S.A.,2024,6732382.0
COMPASS GÁS E ENERGIA S.A.,2025,7436502.0
CONCEBRA - CONCESSIONARIA DAS RODOVIAS CENTRAIS DO BRASIL,2021,236914.0
CONCESSIONÁRIA DA LINHA 4 DO METRÔ DE SÃO PAULO S.A.,2023,851105.0
CONCESSIONÁRIA DA LINHA 4 DO METRÔ DE SÃO PAULO S.A.,2024,604454.0
CONCESSIONÁRIA DA LINHA 4 DO METRÔ DE SÃO PAULO S.A.,2025,403520.0
CONSERVAS ODERICH S.A.,2021,358477.0
CONSERVAS ODERICH S.A.,2022,445155.0
CONSERVAS ODERICH S.A.,2023,507709.0
CONSERVAS ODERICH S.A.,2024,533417.0
CONSERVAS ODERICH S.A.,2025,588922.0
CONSORCIO ALFA DE ADMINISTRACAO S.A.,2021,1769905.0
CONSORCIO ALFA DE ADMINISTRACAO S.A.,2022,1820148.0
CONSORCIO ALFA DE ADMINISTRACAO S.A.,2023,1882208.0
CONSTRUTORA ADOLPHO LINDENBERG S.A.,2021,9161.0
CONSTRUTORA ADOLPHO LINDENBERG S.A.,2022,23651.0
CONSTRUTORA ADOLPHO LINDENBERG S.A.,2023,31030.0
CONSTRUTORA ADOLPHO LINDENBERG S.A.,2024,37096.0
CONSTRUTORA ADOLPHO LINDENBERG S.A.,2025,283518.0
CONSTRUTORA METROCASA S.A.,2022,181717.0
CONSTRUTORA METROCASA S.A.,2023,140864.0
CONSTRUTORA METROCASA S.A.,2024,149784.0
CONSTRUTORA METROCASA S.A.,2025,211535.0
CONSTRUTORA SULTEPA S.A. - EM RECUPERAÇÃO JUDICIAL,2021,312074.0
CONSTRUTORA SULTEPA S.A. - EM RECUPERAÇÃO JUDICIAL,2022,385799.0
CONSTRUTORA SULTEPA S.A. - EM RECUPERAÇÃO JUDICIAL,2023,454289.0
CONSTRUTORA SULTEPA S.A. - EM RECUPERAÇÃO JUDICIAL,2024,551087.0
CONSTRUTORA SULTEPA S.A. - EM RECUPERAÇÃO JUDICIAL,2025,642358.0
CONSTRUTORA TENDA S.A.,2021,1212628.0
CONSTRUTORA TENDA S.A.,2022,717612.0
CONSTRUTORA TENDA S.A.,2023,1541184.0
CONSTRUTORA TENDA S.A.,2024,956355.0
CONSTRUTORA TENDA S.A.,2025,1204864.0
CONTAX PARTICIPAÇÕES S.A. - EM RECUPERAÇÃO JUDICIAL,2021,154553.0
CONTAX PARTICIPAÇÕES S.A. - EM RECUPERAÇÃO JUDICIAL,2022,-299926.0
CONTAX PARTICIPAÇÕES S.A. - EM RECUPERAÇÃO JUDICIAL,2023,290027.0
CONTAX PARTICIPAÇÕES S.A. - EM RECUPERAÇÃO JUDICIAL,2024,149270.0
CONTAX PARTICIPAÇÕES S.A. - EM RECUPERAÇÃO JUDICIAL,2025,114904.0
COPEL GERAÇÃO E TRANSMISSÃO S.A.,2021,12873586.0
COPEL GERAÇÃO E TRANSMISSÃO S.A.,2022,12896797.0
COPEL GERAÇÃO E TRANSMISSÃO S.A.,2023,12874366.0
COPEL GERAÇÃO E TRANSMISSÃO S.A.,2024,14239413.0
COPEL GERAÇÃO E TRANSMISSÃO S.A.,2025,15104658.0
CORPÓREOS - SERVIÇOS TERAPÊUTICOS S.A.,2024,1007792.0
CORPÓREOS - SERVIÇOS TERAPÊUTICOS S.A.,2025,693879.0
CORREA RIBEIRO S.A. COMERCIO E INDUSTRIA,2021,-777.0
CORREA RIBEIRO S.A. COMERCIO E INDUSTRIA,2022,6909.0
CORREDOR LOGÍSTICA E INFRAESTRUTURA S.A.,2022,2140274.0
CORREDOR LOGÍSTICA E INFRAESTRUTURA S.A.,2023,557860.0
CORREDOR LOGÍSTICA E INFRAESTRUTURA S.A.,2024,555874.0
CORREDOR LOGÍSTICA E INFRAESTRUTURA S.A.,2025,376119.0
COSAN S.A.,2021,28870022.0
COSAN S.A.,2022,48169399.0
COSAN S.A.,2023,50981180.0
COSAN S.A.,2024,39398362.0
COSAN S.A.,2025,31009632.0
CPFL ENERGIA S.A.,2021,16805878.0
CPFL ENERGIA S.A.,2022,17539944.0
CPFL ENERGIA S.A.,2023,19998753.0
CPFL ENERGIA S.A.,2024,21795029.0
CPFL ENERGIA S.A.,2025,23504509.0
CPFL ENERGIAS RENOVÁVEIS S.A.,2021,5837969.0
CPFL ENERGIAS RENOVÁVEIS S.A.,2022,5866016.0
CPFL ENERGIAS RENOVÁVEIS S.A.,2023,4887754.0
CPFL ENERGIAS RENOVÁVEIS S.A.,2024,5039832.0
CPFL ENERGIAS RENOVÁVEIS S.A.,2025,4688864.0
CPFL GERACAO DE ENERGIA S.A.,2021,7246124.0
CPFL GERACAO DE ENERGIA S.A.,2022,8076821.0
CPFL GERACAO DE ENERGIA S.A.,2023,7647013.0
CPFL GERACAO DE ENERGIA S.A.,2024,7017556.0
CPFL TRANSMISSÃO S.A.,2021,2029122.0
CPFL TRANSMISSÃO S.A.,2022,1769797.0
CPFL TRANSMISSÃO S.A.,2023,1345862.0
CPFL TRANSMISSÃO S.A.,2024,2832020.0
CPFL TRANSMISSÃO S.A.,2025,3503785.0
CPX DISTRIBUIDORA S.A.,2024,2037966.0
CPX DISTRIBUIDORA S.A.,2025,788038.0
CREDGRID SERVIÇOS FINANCEIROS S.A.,2021,1654048.0
CREDGRID SERVIÇOS FINANCEIROS S.A.,2022,1723661.0
CRUZEIRO DO SUL EDUCACIONAL S.A.,2021,1453788.0
CRUZEIRO DO SUL EDUCACIONAL S.A.,2022,1405394.0
CRUZEIRO DO SUL EDUCACIONAL S.A.,2023,1386483.0
CRUZEIRO DO SUL EDUCACIONAL S.A.,2024,1470789.0
CRUZEIRO DO SUL EDUCACIONAL S.A.,2025,1590655.0
CS BRASIL PARTICIPAÇÕES E LOCAÇÕES S.A.,2021,1775316.0
CSN MINERAÇÃO S.A.,2021,13998289.0
CSN MINERAÇÃO S.A.,2022,11393427.0
CSN MINERAÇÃO S.A.,2023,10698697.0
CSN MINERAÇÃO S.A.,2024,10269114.0
CSN MINERAÇÃO S.A.,2025,6680808.0
CSU DIGITAL S.A.,2023,429356.0
CSU DIGITAL S.A.,2024,477140.0
CSU DIGITAL S.A.,2025,465112.0
CTC - CENTRO DE TECNOLOGIA CANAVIEIRA S.A.,2021,689001.0
CTC - CENTRO DE TECNOLOGIA CANAVIEIRA S.A.,2022,791123.0
CTC - CENTRO DE TECNOLOGIA CANAVIEIRA S.A.,2023,862600.0
CTC - CENTRO DE TECNOLOGIA CANAVIEIRA S.A.,2024,979631.0
CTC - CENTRO DE TECNOLOGIA CANAVIEIRA S.A.,2025,1126169.0
CURY CONSTRUTORA E INCORPORADORA S.A.,2021,738328.0
CURY CONSTRUTORA E INCORPORADORA S.A.,2022,877748.0
CURY CONSTRUTORA E INCORPORADORA S.A.,2023,996980.0
CURY CONSTRUTORA E INCORPORADORA S.A.,2024,1309539.0
CURY CONSTRUTORA E INCORPORADORA S.A.,2025,1662054.0
CVC BRASIL OPERADORA E AGÊNCIA DE VIAGENS S.A.,2021,375292.0
CVC BRASIL OPERADORA E AGÊNCIA DE VIAGENS S.A.,2022,316480.0
CVC BRASIL OPERADORA E AGÊNCIA DE VIAGENS S.A.,2023,607959.0
CVC BRASIL OPERADORA E AGÊNCIA DE VIAGENS S.A.,2024,531632.0
CVC BRASIL OPERADORA E AGÊNCIA DE VIAGENS S.A.,2025,478791.0
CVLB BRASIL S.A,2021,160434.0
CVLB BRASIL S.A EM RECUPERAÇÃO JUDICAL,2022,116570.0
CVLB BRASIL S.A EM RECUPERAÇÃO JUDICAL,2023,439963.0
CVLB BRASIL S.A EM RECUPERAÇÃO JUDICAL,2024,340358.0
CVLB BRASIL S.A EM RECUPERAÇÃO JUDICAL,2025,-335092.0
CYRELA BRAZIL REALTY S.A.EMPREEND E PART,2021,6801924.0
CYRELA BRAZIL REALTY S.A.EMPREEND E PART,2022,7699331.0
CYRELA BRAZIL REALTY S.A.EMPREEND E PART,2023,8499826.0
CYRELA BRAZIL REALTY S.A.EMPREEND E PART,2024,9949274.0
CYRELA BRAZIL REALTY S.A.EMPREEND E PART,2025,11466784.0
D1000 VAREJO FARMA PARTICIPAÇÕES S.A.,2021,838138.0
D1000 VAREJO FARMA PARTICIPAÇÕES S.A.,2022,849493.0
D1000 VAREJO FARMA PARTICIPAÇÕES S.A.,2023,870855.0
D1000 VAREJO FARMA PARTICIPAÇÕES S.A.,2024,896712.0
D1000 VAREJO FARMA PARTICIPAÇÕES S.A.,2025,919277.0
DATORA PARTICIPAÇÕES E SERVIÇOS S.A.,2021,57326.0
DATORA PARTICIPAÇÕES E SERVIÇOS S.A.,2022,71672.0
DATORA PARTICIPAÇÕES E SERVIÇOS S.A.,2023,75007.0
DESCARBONIZE SOLUÇÕES S.A.,2023,296127.0
DESKTOP S.A.,2021,891284.0
DESKTOP S.A.,2022,951869.0
DESKTOP S.A.,2023,1294134.0
DESKTOP S.A.,2024,1369086.0
DESKTOP S.A.,2025,1438031.0
DEXCO S.A.,2021,5734911.0
DEXCO S.A.,2022,5961564.0
DEXCO S.A.,2023,6522078.0
DEXCO S.A.,2024,7195095.0
DEXCO S.A.,2025,7208041.0
DEXXOS PARTICIPAÇÕES S.A.,2021,529733.0
DEXXOS PARTICIPAÇÕES S.A.,2022,688017.0
DEXXOS PARTICIPAÇÕES S.A.,2023,858921.0
DEXXOS PARTICIPAÇÕES S.A.,2024,951170.0
DEXXOS PARTICIPAÇÕES S.A.,2025,1001959.0
DIAGNOSTICOS DA AMERICA S.A.,2021,7548518.0
DIAGNOSTICOS DA AMERICA S.A.,2022,7089399.0
DIAGNOSTICOS DA AMERICA S.A.,2023,7333819.0
DIAGNOSTICOS DA AMERICA S.A.,2024,7935648.0
DIAGNOSTICOS DA AMERICA S.A.,2025,6893005.0
DIMED S.A. DISTRIBUIDORA DE MEDICAMENTOS,2021,1046195.0
DIMED S.A. DISTRIBUIDORA DE MEDICAMENTOS,2022,1108162.0
DIMED S.A. DISTRIBUIDORA DE MEDICAMENTOS,2023,1173416.0
DIMED S.A. DISTRIBUIDORA DE MEDICAMENTOS,2024,1234714.0
DIMED S.A. DISTRIBUIDORA DE MEDICAMENTOS,2025,1281851.0
DIRECIONAL ENGENHARIA S.A.,2021,1458780.0
DIRECIONAL ENGENHARIA S.A.,2022,1449695.0
DIRECIONAL ENGENHARIA S.A.,2023,2110586.0
DIRECIONAL ENGENHARIA S.A.,2024,2223751.0
DIRECIONAL ENGENHARIA S.A.,2025,2320151.0
DOMMO ENERGIA S.A.,2021,-547447.0
DOTZ S.A.,2021,-77777.0
DOTZ S.A.,2022,-169431.0
DOTZ S.A.,2023,-229934.0
DOTZ S.A.,2024,-246421.0
DOTZ S.A.,2025,-246890.0
ECONOMATICA S.A.,2022,1106006.0
ECONOMATICA S.A.,2023,283777.0
ECONOMATICA S.A.,2024,196857.0
ECONOMATICA S.A.,2025,132777.0
ECORODOVIAS CONCESSÕES E SERVIÇOS S.A.,2021,2783312.0
ECORODOVIAS CONCESSÕES E SERVIÇOS S.A.,2022,2832457.0
ECORODOVIAS CONCESSÕES E SERVIÇOS S.A.,2023,3455763.0
ECORODOVIAS CONCESSÕES E SERVIÇOS S.A.,2024,3878452.0
ECORODOVIAS CONCESSÕES E SERVIÇOS S.A.,2025,5357857.0
ECORODOVIAS INFRAESTRUTURA E LOGÍSTICA S.A.,2021,2330038.0
ECORODOVIAS INFRAESTRUTURA E LOGÍSTICA S.A.,2022,2518680.0
ECORODOVIAS INFRAESTRUTURA E LOGÍSTICA S.A.,2023,2986260.0
ECORODOVIAS INFRAESTRUTURA E LOGÍSTICA S.A.,2024,3690546.0
ECORODOVIAS INFRAESTRUTURA E LOGÍSTICA S.A.,2025,4374396.0
EDP - ENERGIAS DO BRASIL S.A.,2021,12294012.0
EDP - ENERGIAS DO BRASIL S.A.,2022,11895759.0
EDP - ENERGIAS DO BRASIL S.A.,2023,12064034.0
EDP - ENERGIAS DO BRASIL S.A.,2024,12670243.0
EDP - ENERGIAS DO BRASIL S.A.,2025,12083226.0
ELDORADO BRASIL CELULOSE S.A.,2021,4594967.0
ELDORADO BRASIL CELULOSE S.A.,2022,8024738.0
ELDORADO BRASIL CELULOSE S.A.,2023,10289129.0
ELDORADO BRASIL CELULOSE S.A.,2024,10820526.0
ELDORADO BRASIL CELULOSE S.A.,2025,7647692.0
ELEA DIGITAL INFRAESTRUTURA E REDES DE TELECOMUNICAÇÕES S.A.,2025,87817.0
ELECTRO ACO ALTONA S.A.,2021,187717.0
ELECTRO ACO ALTONA S.A.,2022,215087.0
ELECTRO ACO ALTONA S.A.,2023,243576.0
ELECTRO ACO ALTONA S.A.,2024,295589.0
ELECTRO ACO ALTONA S.A.,2025,355837.0
ELETROMIDIA S.A.,2021,767511.0
ELETROMIDIA S.A.,2022,953986.0
ELETROMIDIA S.A.,2023,1045815.0
ELETROMIDIA S.A.,2024,1164428.0
ELETRORIVER S.A.,2021,900447.0
ELETRORIVER S.A.,2022,1032585.0
ELETRORIVER S.A.,2023,996926.0
ELETRORIVER S.A.,2024,981411.0
ELETRORIVER S.A.,2025,306840.0
ELFA MEDICAMENTOS S.A.,2021,2034293.0
ELFA MEDICAMENTOS S.A.,2022,2408495.0
ELFA MEDICAMENTOS S.A.,2023,3001537.0
ELFA MEDICAMENTOS S.A.,2024,3147112.0
ELFA MEDICAMENTOS S.A.,2025,2529500.0
EMAE - EMPRESA METROP. DE AGUAS E ENERGIA S.A.,2022,1124182.0
EMAE - EMPRESA METROP. DE AGUAS E ENERGIA S.A.,2023,1088489.0
EMAE - EMPRESA METROP. DE AGUAS E ENERGIA S.A.,2024,1184722.0
EMAE - EMPRESA METROP. DE AGUAS E ENERGIA S.A.,2025,594822.0
EMAE - EMPRESA METROP.AGUAS ENERGIA S.A.,2021,737734.0
EMBPAR PARTICIPAÇÕES S/A,2021,90069.0
EMBPAR PARTICIPAÇÕES S/A,2022,114866.0
EMBPAR PARTICIPAÇÕES S/A,2023,80079.0
EMBPAR PARTICIPAÇÕES S/A,2024,55289.0
EMBPAR PARTICIPAÇÕES S/A,2025,39424.0
EMBRAER S.A.,2021,15484552.0
EMBRAER S.A.,2022,14736781.0
EMBRAER S.A.,2023,14714230.0
EMBRAER S.A.,2024,20710908.0
EMBRAER S.A.,2025,20974950.0
EMCCAMP RESIDENCIAL S.A.,2021,443205.0
EMCCAMP RESIDENCIAL S.A.,2022,495749.0
EMCCAMP RESIDENCIAL S.A.,2023,429817.0
EMCCAMP RESIDENCIAL S.A.,2024,483396.0
EMCCAMP RESIDENCIAL S.A.,2025,514590.0
EMPREENDIMENTOS PAGUE MENOS S.A.,2022,2342993.0
EMPREENDIMENTOS PAGUE MENOS S.A.,2023,2660506.0
EMPREENDIMENTOS PAGUE MENOS S.A.,2024,2722409.0
EMPREENDIMENTOS PAGUE MENOS S.A.,2025,3093388.0
EMPRESA NAC COM REDITO PART S.A.ENCORPAR,2021,141476.0
ENAUTA PARTICIPAÇÕES S.A.,2021,4165912.0
ENAUTA PARTICIPAÇÕES S.A.,2022,4109821.0
ENAUTA PARTICIPAÇÕES S.A.,2023,3877452.0
ENERGISA S.A.,2021,9085560.0
ENERGISA S.A.,2022,12483752.0
ENERGISA S.A.,2023,15715696.0
ENERGISA S.A.,2024,22143222.0
ENERGISA S.A.,2025,21184544.0
ENERGISA TRANSMISSÃO DE ENERGIA S/A,2021,687215.0
ENERGISA TRANSMISSÃO DE ENERGIA S/A,2022,1566375.0
ENERGISA TRANSMISSÃO DE ENERGIA S/A,2023,2881293.0
ENERGISA TRANSMISSÃO DE ENERGIA S/A,2024,4161362.0
ENERGISA TRANSMISSÃO DE ENERGIA S/A,2025,5072505.0
ENEVA S.A,2021,8996623.0
ENEVA S.A,2022,13736018.0
ENEVA S.A,2023,14937636.0
ENEVA S.A,2024,20214767.0
ENEVA S.A,2025,21406342.0
ENGELHART CTP (BRASIL) S.A.,2024,11347929.0
ENGIE BRASIL ENERGIA S.A.,2021,7932597.0
ENGIE BRASIL ENERGIA S.A.,2022,8440172.0
ENGIE BRASIL ENERGIA S.A.,2023,9816210.0
ENGIE BRASIL ENERGIA S.A.,2024,12280398.0
ENGIE BRASIL ENERGIA S.A.,2025,13914493.0
ENJOEI S.A.,2021,424561.0
ENJOEI S.A.,2022,380850.0
ENJOEI S.A.,2023,339836.0
ENJOEI S.A.,2024,320453.0
ENJOEI S.A.,2025,304368.0
ENVIRONMENTAL ESG PARTICIPAÇÕES S.A.,2021,122275.0
ENVIRONMENTAL ESG PARTICIPAÇÕES S.A.,2022,626820.0
ENVIRONMENTAL ESG PARTICIPAÇÕES S.A.,2023,832979.0
ENVIRONMENTAL ESG PARTICIPAÇÕES S.A.,2024,1377299.0
EPR INFRAESTRUTURA PR S.A.,2023,250187.0
EPR INFRAESTRUTURA PR S.A.,2024,461136.0
EPR INFRAESTRUTURA PR S.A.,2025,836386.0
EQUATORIAL S.A.,2021,14604472.0
EQUATORIAL S.A.,2022,18566980.0
EQUATORIAL S.A.,2023,25283659.0
EQUATORIAL S.A.,2024,29887586.0
EQUATORIAL S.A.,2025,28327947.0
EQUIPAV SANEAMENTO S.A.,2023,10058481.0
EQUIPAV SANEAMENTO S.A.,2024,10743546.0
EQUIPAV SANEAMENTO S.A.,2025,4023331.0
ESSENTIA PCHS S.A.,2021,188566.0
ESSENTIA PCHS S.A.,2022,141111.0
ESSENTIA PCHS S.A.,2023,153123.0
ESSENTIA PCHS S.A.,2024,159714.0
ESSENTIA PCHS S.A.,2025,75772.0
ETERNIT S.A.,2021,563355.0
ETERNIT S.A.,2022,676298.0
ETERNIT S.A.,2023,769806.0
ETERNIT S.A.,2024,806091.0
ETERNIT S.A.,2025,842994.0
EUCATEX S.A. INDUSTRIA E COMERCIO,2021,1888012.0
EUCATEX S.A. INDUSTRIA E COMERCIO,2022,2012797.0
EUCATEX S.A. INDUSTRIA E COMERCIO,2023,2407243.0
EUCATEX S.A. INDUSTRIA E COMERCIO,2024,2570690.0
EUCATEX S.A. INDUSTRIA E COMERCIO,2025,2767503.0
EUROFARMA LABORATÓRIOS S.A.,2021,3385494.0
EUROFARMA LABORATÓRIOS S.A.,2022,3927523.0
EUROFARMA LABORATÓRIOS S.A.,2023,4106699.0
EUROFARMA LABORATÓRIOS S.A.,2024,4845081.0
EUROFARMA LABORATÓRIOS S.A.,2025,5006962.0
EVEN CONSTRUTORA E INCORPORADORA S.A.,2021,2592338.0
EVEN CONSTRUTORA E INCORPORADORA S.A.,2022,2727424.0
EVEN CONSTRUTORA E INCORPORADORA S.A.,2023,2879913.0
EVEN CONSTRUTORA E INCORPORADORA S.A.,2024,2069012.0
EVEN CONSTRUTORA E INCORPORADORA S.A.,2025,2194756.0
EZ INC INCORPORAÇÕES S.A.,2021,906896.0
EZ INC INCORPORAÇÕES S.A.,2022,1045141.0
EZ INC INCORPORAÇÕES S.A.,2023,1117839.0
EZ INC INCORPORAÇÕES S.A.,2024,1189089.0
EZ INC INCORPORAÇÕES S.A.,2025,1261507.0
EZ TEC EMPREEND. E PARTICIPACOES S.A.,2021,4369061.0
EZ TEC EMPREEND. E PARTICIPACOES S.A.,2022,4538944.0
EZ TEC EMPREEND. E PARTICIPACOES S.A.,2023,4705064.0
EZ TEC EMPREEND. E PARTICIPACOES S.A.,2024,4883126.0
EZ TEC EMPREEND. E PARTICIPACOES S.A.,2025,5119897.0
FARMÁCIA E DROGARIA NISSEI S.A.,2021,46458.0
FARMÁCIA E DROGARIA NISSEI S.A.,2022,32743.0
FARMÁCIA E DROGARIA NISSEI S.A.,2023,213451.0
FARMÁCIA E DROGARIA NISSEI S.A.,2024,350547.0
FARMÁCIA E DROGARIA NISSEI S.A.,2025,303057.0
FGR INCORPORAÇÕES S.A.,2025,3405360.0
FIACAO E TECELAGEM SAO JOSE SA EM RECUPERACAO JUDICIAL,2021,-161862.0
FIACAO E TECELAGEM SAO JOSE SA EM RECUPERACAO JUDICIAL,2022,-168571.0
FIACAO E TECELAGEM SAO JOSE SA EM RECUPERACAO JUDICIAL,2023,-178202.0
FIACAO E TECELAGEM SAO JOSE SA EM RECUPERACAO JUDICIAL,2024,-185419.0
FIACAO E TECELAGEM SAO JOSE SA EM RECUPERACAO JUDICIAL,2025,-195068.0
FICA EMPREENDIMENTOS IMOBILIÁRIOS S.A.,2021,100456.0
FICA EMPREENDIMENTOS IMOBILIÁRIOS S.A.,2022,92903.0
FICA EMPREENDIMENTOS IMOBILIÁRIOS S.A.,2023,80060.0
FICA EMPREENDIMENTOS IMOBILIÁRIOS S.A.,2024,79421.0
FICA EMPREENDIMENTOS IMOBILIÁRIOS S.A.,2025,71146.0
FICTOR ALIMENTOS S.A.,2021,15816.0
FICTOR ALIMENTOS S.A. - EM RECUPERAÇÃO JUDICIAL,2022,23460.0
FICTOR ALIMENTOS S.A. - EM RECUPERAÇÃO JUDICIAL,2023,16924.0
FICTOR ALIMENTOS S.A. - EM RECUPERAÇÃO JUDICIAL,2025,38866.0
FINANCEIRA ALFA S.A.- CRED FINANC E INVS,2021,1062881.0
FINANCEIRA ALFA S.A.- CRED FINANC E INVS,2022,1080797.0
FINANCEIRA ALFA S.A.- CRED FINANC E INVS,2023,1080724.0
FLEURY S.A.,2021,1854483.0
FLEURY S.A.,2022,2701085.0
FLEURY S.A.,2023,5111070.0
FLEURY S.A.,2024,5374831.0
FLEURY S.A.,2025,5096268.0
FLEX GESTÃO DE RELACIONAMENTOS S.A.-EM RECUPERAÇÃO JUDICIAL,2021,-15818.0
FLEX GESTÃO DE RELACIONAMENTOS S.A.-EM RECUPERAÇÃO JUDICIAL,2022,-366361.0
FOZ DO RIO CLARO ENERGIA S.A.,2022,386627.0
FOZ DO RIO CLARO ENERGIA S.A.,2023,377372.0
FOZ DO RIO CLARO ENERGIA S.A.,2024,382851.0
FOZ DO RIO CLARO ENERGIA S.A.,2025,355027.0
FRAS-LE S.A.,2021,1105955.0
FRASLE MOBILITY S.A.,2022,1778438.0
FRASLE MOBILITY S.A.,2023,1861114.0
FRASLE MOBILITY S.A.,2024,2251485.0
FRASLE MOBILITY S.A.,2025,2481481.0
FULWOOD S.A.,2021,147784.0
FULWOOD S.A.,2022,139752.0
"G2D INVESTMENTS, LTD.",2022,891318.0
GAFISA S.A.,2021,1815954.0
GAFISA S.A.,2022,1772906.0
GAFISA S.A.,2023,1707291.0
GAFISA S.A.,2024,1951996.0
GAFISA S.A.,2025,1537033.0
GENERAL SHOPPING E OUTLETS DO BRASIL BRASIL S.A.,2021,-725041.0
GENERAL SHOPPING E OUTLETS DO BRASIL BRASIL S.A.,2022,-811813.0
GENERAL SHOPPING E OUTLETS DO BRASIL BRASIL S.A.,2023,-718648.0
GENERAL SHOPPING E OUTLETS DO BRASIL BRASIL S.A.,2024,-1533916.0
GENERAL SHOPPING E OUTLETS DO BRASIL BRASIL S.A.,2025,-1511746.0
GERDAU S.A.,2021,42815649.0
GERDAU S.A.,2022,46298193.0
GERDAU S.A.,2023,49238863.0
GERDAU S.A.,2024,58173786.0
GERDAU S.A.,2025,53798489.0
GETNET ADQ E SERV PARA MEIOS DE PAGTO S.A. - INST PAGTO,2021,3323919.0
GIGA MAIS FIBRA TELECOMUNICAÇÕES S.A.,2023,1383518.0
GIGA MAIS FIBRA TELECOMUNICAÇÕES S.A.,2024,1424510.0
GIGA MAIS FIBRA TELECOMUNICAÇÕES S.A.,2025,1257503.0
GOL LINHAS AEREAS INTELIGENTES S.A.,2021,-21053678.0
GOL LINHAS AEREAS INTELIGENTES S.A.,2022,-21358815.0
GOL LINHAS AEREAS INTELIGENTES S.A.,2023,-23167114.0
GOL LINHAS AEREAS INTELIGENTES S.A.,2024,-29090519.0
GOL LINHAS AEREAS INTELIGENTES S.A.,2025,-17002393.0
"GP INVESTMENTS, LTD.",2021,3253426.0
"GP INVESTMENTS, LTD.",2022,2064213.0
"GP INVESTMENTS, LTD.",2023,1880806.0
"GP INVESTMENTS, LTD.",2024,2362685.0
GPS PARTICIPAÇÕES E EMPREENDIMENTOS S.A.,2021,2196605.0
GPS PARTICIPAÇÕES E EMPREENDIMENTOS S.A.,2022,2592265.0
GPS PARTICIPAÇÕES E EMPREENDIMENTOS S.A.,2023,2988281.0
GPS PARTICIPAÇÕES E EMPREENDIMENTOS S.A.,2024,3490349.0
GPS PARTICIPAÇÕES E EMPREENDIMENTOS S.A.,2025,3975941.0
GRANBIO INVESTIMENTOS S.A.,2021,582492.0
GRANBIO INVESTIMENTOS S.A.,2022,910987.0
GRANBIO INVESTIMENTOS S.A.,2023,846633.0
GRANBIO INVESTIMENTOS S.A.,2024,983125.0
GRANJA FARIA S.A.,2022,369772.0
GRANJA FARIA S.A.,2023,602061.0
GRANJA FARIA S.A.,2024,836442.0
GRANJA FARIA S.A.,2025,973738.0
GRAZZIOTIN S.A.,2021,747735.0
GRAZZIOTIN S.A.,2022,832361.0
GRAZZIOTIN S.A.,2023,884239.0
GRAZZIOTIN S.A.,2024,952978.0
GRAZZIOTIN S.A.,2025,878113.0
GRENDENE S.A.,2021,4094330.0
GRENDENE S.A.,2022,4364132.0
GRENDENE S.A.,2023,3659443.0
GRENDENE S.A.,2024,4040946.0
GRENDENE S.A.,2025,3153958.0
GRUPO CASAS BAHIA S.A.,2021,5637000.0
GRUPO CASAS BAHIA S.A.,2022,5284000.0
GRUPO CASAS BAHIA S.A.,2023,3454000.0
GRUPO CASAS BAHIA S.A.,2024,2477000.0
GRUPO CASAS BAHIA S.A.,2025,2774000.0
GRUPO DE MODA SOMA S.A.,2021,7146154.0
GRUPO DE MODA SOMA S.A.,2022,7404929.0
GRUPO DE MODA SOMA S.A.,2023,5789536.0
GRUPO FARTURA DE HORTIFRUT S.A.,2021,228292.0
GRUPO FARTURA DE HORTIFRUT S.A.,2022,257283.0
GRUPO FARTURA DE HORTIFRUT S.A.,2023,598969.0
GRUPO FARTURA DE HORTIFRUT S.A.,2024,681819.0
GRUPO FARTURA DE HORTIFRUT S.A.,2025,729087.0
GRUPO MATEUS S.A.,2021,6476581.0
GRUPO MATEUS S.A.,2022,7541985.0
GRUPO MATEUS S.A.,2023,8773513.0
GRUPO MATEUS S.A.,2024,9963448.0
GRUPO MATEUS S.A.,2025,11467816.0
GRUPO MULTI S.A.,2021,4008678.0
GRUPO MULTILASER S.A.,2022,4053574.0
GRUPO MULTILASER S.A.,2023,3217030.0
GRUPO MULTILASER S.A.,2024,2891745.0
GRUPO MULTILASER S.A.,2025,2968098.0
GRUPO SALTA EDUCAÇÃO S.A.,2024,2347642.0
GRUPO SALTA EDUCAÇÃO S.A.,2025,1266247.0
GRUPO SBF S.A.,2021,2224635.0
GRUPO SBF S.A.,2022,2409854.0
GRUPO SBF S.A.,2023,2541601.0
GRUPO SBF S.A.,2024,3012344.0
GRUPO SBF S.A.,2025,3059794.0
GRUPO TOKY S.A.,2021,640822.0
GRUPO TOKY S.A. - EM RECUPERAÇÃO JUDICIAL,2022,554049.0
GRUPO TOKY S.A. - EM RECUPERAÇÃO JUDICIAL,2023,471027.0
GRUPO TOKY S.A. - EM RECUPERAÇÃO JUDICIAL,2024,193669.0
GRUPO TOKY S.A. - EM RECUPERAÇÃO JUDICIAL,2025,222151.0
GSH CORP PARTICIPAÇÕES S.A.,2021,102451.0
GSH CORP PARTICIPAÇÕES S.A.,2022,111741.0
GSH CORP PARTICIPAÇÕES S.A.,2023,138073.0
GSH CORP PARTICIPAÇÕES S.A.,2024,215767.0
GSH CORP PARTICIPAÇÕES S.A.,2025,166158.0
GUARARAPES CONFECCOES S.A.,2021,5266785.0
GUARARAPES CONFECCOES S.A.,2022,5263088.0
GUARARAPES CONFECCOES S.A.,2023,5223165.0
GUARARAPES CONFECCOES S.A.,2024,5403620.0
GUARARAPES CONFECCOES S.A.,2025,5352712.0
GUARARAPES PAINÉIS S.A.,2022,1704515.0
HAGA S.A. INDUSTRIA E COMERCIO,2021,-61906417.0
HAGA S.A. INDUSTRIA E COMERCIO,2022,-56360572.0
HAGA S.A. INDUSTRIA E COMERCIO,2023,-53876208.0
HAGA S.A. INDUSTRIA E COMERCIO,2024,-51312367.0
HAGA S.A. INDUSTRIA E COMERCIO,2025,-49168061.0
HAPVIDA PARTICIPAÇÕES E INVESTIMENTOS S.A.,2021,10572994.0
HAPVIDA PARTICIPAÇÕES E INVESTIMENTOS S.A.,2022,48756711.0
HAPVIDA PARTICIPAÇÕES E INVESTIMENTOS S.A.,2023,49255143.0
HAPVIDA PARTICIPAÇÕES E INVESTIMENTOS S.A.,2024,48676923.0
HAPVIDA PARTICIPAÇÕES E INVESTIMENTOS S.A.,2025,48250270.0
HBR REALTY EMPREENDIMENTOS IMOBILIÁRIOS S.A.,2021,2351497.0
HBR REALTY EMPREENDIMENTOS IMOBILIÁRIOS S.A.,2022,2473464.0
HBR REALTY EMPREENDIMENTOS IMOBILIÁRIOS S.A.,2023,2731498.0
HBR REALTY EMPREENDIMENTOS IMOBILIÁRIOS S.A.,2024,2949583.0
HBR REALTY EMPREENDIMENTOS IMOBILIÁRIOS S.A.,2025,2718840.0
HELBOR EMPREENDIMENTOS S.A.,2021,1814389.0
HELBOR EMPREENDIMENTOS S.A.,2022,2124817.0
HELBOR EMPREENDIMENTOS S.A.,2023,2369597.0
HELBOR EMPREENDIMENTOS S.A.,2024,2711194.0
HELBOR EMPREENDIMENTOS S.A.,2025,2786743.0
HIDROVIAS DO BRASIL S.A.,2021,1247654.0
HIDROVIAS DO BRASIL S.A.,2022,1330805.0
HIDROVIAS DO BRASIL S.A.,2023,1383523.0
HIDROVIAS DO BRASIL S.A.,2024,948075.0
HIDROVIAS DO BRASIL S.A.,2025,2162052.0
HIGHLINE BRASIL II INFRAESTRUTURA DE TELECOMUNICAÇÕES S.A.,2024,1976226.0
HIGHLINE BRASIL II INFRAESTRUTURA DE TELECOMUNICAÇÕES S.A.,2025,1710926.0
HMOBI PARTICIPAÇÕES S.A.,2021,1909987.0
HMOBI PARTICIPAÇÕES S.A.,2022,2210290.0
HMOBI PARTICIPAÇÕES S.A.,2023,2335854.0
HMOBI PARTICIPAÇÕES S.A.,2024,2524645.0
HMOBI PARTICIPAÇÕES S.A.,2025,2184368.0
HOLDING DO ARAGUAIA S.A.,2021,599221.0
HOLDING DO ARAGUAIA S.A.,2022,614241.0
HOLDING DO ARAGUAIA S.A.,2023,709351.0
HOLDING DO ARAGUAIA S.A.,2024,751956.0
HOLDING DO ARAGUAIA S.A.,2025,775925.0
HOLDING VERZANI E SANDRINI S.A.,2021,162899.0
HOSPITAL ANCHIETA S.A.,2022,400924.0
HOSPITAL ANCHIETA S.A.,2023,378405.0
HOSPITAL ANCHIETA S.A.,2024,291199.0
HOSPITAL ANCHIETA S.A.,2025,198973.0
HOSPITAL CARE CALEDONIA S.A.,2021,615695.0
HOSPITAL CARE CALEDONIA S.A.,2022,586659.0
HOSPITAL CARE CALEDONIA S.A.,2023,622103.0
HOSPITAL CARE CALEDONIA S.A.,2024,394024.0
HOSPITAL CARE CALEDONIA S.A.,2025,112842.0
HOSPITAL MATER DEI S.A.,2021,1683165.0
HOSPITAL MATER DEI S.A.,2022,1702622.0
HOSPITAL MATER DEI S.A.,2023,1754224.0
HOSPITAL MATER DEI S.A.,2024,1476425.0
HOSPITAL MATER DEI S.A.,2025,1477574.0
HOTEIS OTHON S.A. - EM RECUPERAÇÃO JUDICIAL,2021,-506416.0
HOTEIS OTHON S.A. - EM RECUPERAÇÃO JUDICIAL,2022,-313493.0
HOTEIS OTHON S.A. - EM RECUPERAÇÃO JUDICIAL,2023,-175201.0
HOTEIS OTHON S.A. - EM RECUPERAÇÃO JUDICIAL,2024,-93227.0
HOTEIS OTHON S.A. - EM RECUPERAÇÃO JUDICIAL,2025,-62872.0
HOUSI S.A.,2021,21597.0
HUMBERG AGRIBRASIL COMÉRCIO E EXPORTAÇÃO DE GRÃOS S.A.,2021,27639.0
HUMBERG AGRIBRASIL COMÉRCIO E EXPORTAÇÃO DE GRÃOS S.A.,2022,214874.0
HUMBERG AGRIBRASIL COMÉRCIO E EXPORTAÇÃO DE GRÃOS S.A.,2023,208518.0
HUMBERG AGRIBRASIL COMÉRCIO E EXPORTAÇÃO DE GRÃOS S.A.,2024,227799.0
HYPERA S.A.,2021,9833471.0
HYPERA S.A.,2022,10655441.0
HYPERA S.A.,2023,11517873.0
HYPERA S.A.,2024,12101819.0
HYPERA S.A.,2025,12524374.0
HÉLIO VALGAS SOLAR PARTICIPAÇÕES S.A.,2023,843048.0
HÉLIO VALGAS SOLAR PARTICIPAÇÕES S.A.,2024,1454516.0
HÉLIO VALGAS SOLAR PARTICIPAÇÕES S.A.,2025,906408.0
IGB ELETRONICA S.A - EM RECUPERACAO JUDICIAL,2021,-1042721.0
IGUA SANEAMENTO S.A.,2021,2888432.0
IGUA SANEAMENTO S.A.,2022,3027663.0
IGUA SANEAMENTO S.A.,2023,2671521.0
IGUA SANEAMENTO S.A.,2024,4022072.0
IGUA SANEAMENTO S.A.,2025,3381864.0
IGUATEMI EMPRESA DE SHOPPING CENTERS S.A,2021,3410804.0
IGUATEMI EMPRESA DE SHOPPING CENTERS S.A,2022,3057189.0
IGUATEMI EMPRESA DE SHOPPING CENTERS S.A,2023,3665445.0
IGUATEMI EMPRESA DE SHOPPING CENTERS S.A,2024,3789189.0
IGUATEMI EMPRESA DE SHOPPING CENTERS S.A,2025,3895653.0
IGUATEMI S.A.,2021,3440534.0
IGUATEMI S.A.,2022,4107688.0
IGUATEMI S.A.,2023,4177518.0
IGUATEMI S.A.,2024,4310020.0
IGUATEMI S.A.,2025,4651864.0
INBRANDS S.A.,2021,287549.0
INBRANDS S.A.,2022,277146.0
INBRANDS S.A.,2023,251316.0
INBRANDS S.A.,2024,205116.0
INBRANDS S.A.,2025,85365.0
INC EMPREENDIMENTOS IMOBILIÁRIOS S.A.,2021,63320.0
INC EMPREENDIMENTOS IMOBILIÁRIOS S.A.,2022,127109.0
INC EMPREENDIMENTOS IMOBILIÁRIOS S.A.,2023,173112.0
INC EMPREENDIMENTOS IMOBILIÁRIOS S.A.,2024,217218.0
INC EMPREENDIMENTOS IMOBILIÁRIOS S.A.,2025,245057.0
INEPAR EQUIPAMENTOS E MONTAGENS S/A - EM RECUPERACAO JUDICIA,2021,137090.0
INEPAR EQUIPAMENTOS E MONTAGENS S/A - EM RECUPERACAO JUDICIA,2022,127957.0
INEPAR EQUIPAMENTOS E MONTAGENS S/A - EM RECUPERACAO JUDICIA,2023,251397.0
INEPAR EQUIPAMENTOS E MONTAGENS S/A - EM RECUPERACAO JUDICIA,2024,249867.0
INEPAR EQUIPAMENTOS E MONTAGENS S/A - EM RECUPERACAO JUDICIA,2025,243190.0
INEPAR S.A. INDUSTRIA E CONSTRUCOES EM RECUPERACAO JUDICIAL,2021,-1260671.0
INEPAR S.A. INDUSTRIA E CONSTRUCOES EM RECUPERACAO JUDICIAL,2022,-1620653.0
INEPAR S.A. INDUSTRIA E CONSTRUCOES EM RECUPERACAO JUDICIAL,2023,-1124647.0
INEPAR S.A. INDUSTRIA E CONSTRUCOES EM RECUPERACAO JUDICIAL,2024,-1373449.0
INEPAR S.A. INDUSTRIA E CONSTRUCOES EM RECUPERACAO JUDICIAL,2025,-1698279.0
INFRACOMMERCE CXAAS S.A.,2021,1286049.0
INFRACOMMERCE CXAAS S.A.,2022,1443344.0
INFRACOMMERCE CXAAS S.A.,2023,1619869.0
INFRACOMMERCE CXAAS S.A.,2024,-104790.0
INFRACOMMERCE CXAAS S.A.,2025,195075.0
INSPIRALI EDUCAÇÃO S.A.,2022,10527096.0
INSPIRALI EDUCAÇÃO S.A.,2023,3467551.0
INSPIRALI EDUCAÇÃO S.A.,2024,3488887.0
INSPIRALI EDUCAÇÃO S.A.,2025,3675863.0
INSTITUTO HERMES PARDINI S.A.,2021,873061.0
INSTITUTO HERMES PARDINI S.A.,2022,984025.0
INTELBRAS S.A. IND. DE TELECOMUNICAÇÃO ELETRÔNICA BRASILEIRA,2021,1919139.0
INTELBRAS S.A. IND. DE TELECOMUNICAÇÃO ELETRÔNICA BRASILEIRA,2022,2248282.0
INTELBRAS S.A. IND. DE TELECOMUNICAÇÃO ELETRÔNICA BRASILEIRA,2023,2623522.0
INTELBRAS S.A. IND. DE TELECOMUNICAÇÃO ELETRÔNICA BRASILEIRA,2024,2966536.0
INTELBRAS S.A. IND. DE TELECOMUNICAÇÃO ELETRÔNICA BRASILEIRA,2025,3014171.0
"INTER & CO, INC.",2021,16899566.0
"INTER & CO, INC.",2022,7089104.0
"INTER & CO, INC.",2023,7596690.0
"INTER & CO, INC.",2024,9072307.0
"INTER & CO, INC.",2025,10392962.0
INTERCEMENT BRASIL S.A. - EM RECUPERAÇÃO JUDICIAL,2021,881808.0
INTERCEMENT BRASIL S.A. - EM RECUPERAÇÃO JUDICIAL,2022,787494.0
INTERCEMENT BRASIL S.A. - EM RECUPERAÇÃO JUDICIAL,2023,263060.0
INTERCEMENT BRASIL S.A. - EM RECUPERAÇÃO JUDICIAL,2024,-159346.0
INTERCEMENT BRASIL S.A. - EM RECUPERAÇÃO JUDICIAL,2025,496204.0
INTERNATIONAL MEAL COMPANY ALIMENTACAO S.A.,2021,1126686.0
INTERNATIONAL MEAL COMPANY ALIMENTACAO S.A.,2022,1130789.0
INTERNATIONAL MEAL COMPANY ALIMENTACAO S.A.,2023,1022851.0
INTERNATIONAL MEAL COMPANY ALIMENTACAO S.A.,2024,1041298.0
INTERNATIONAL MEAL COMPANY ALIMENTACAO S.A.,2025,859642.0
INTERPLAYERS SOLUÇÕES INTEGRADAS S.A.,2021,57958.0
INTERPLAYERS SOLUÇÕES INTEGRADAS S.A.,2022,146127.0
INTERPLAYERS SOLUÇÕES INTEGRADAS S.A.,2023,163431.0
INVESTIMENTOS E PARTICIP. EM INFRA S.A. - INVEPAR,2021,-2822582.0
INVESTIMENTOS E PARTICIP. EM INFRA S.A. - INVEPAR,2022,-3057948.0
INVESTIMENTOS E PARTICIP. EM INFRA S.A. - INVEPAR,2023,-3332907.0
INVESTIMENTOS E PARTICIP. EM INFRA S.A. - INVEPAR,2024,-4205998.0
INVESTIMENTOS E PARTICIP. EM INFRA S.A. - INVEPAR,2025,-3467089.0
IOCHPE MAXION S.A.,2021,4398119.0
IOCHPE MAXION S.A.,2022,4292807.0
IOCHPE MAXION S.A.,2023,4085029.0
IOCHPE MAXION S.A.,2024,5070982.0
IOCHPE MAXION S.A.,2025,4851749.0
IRANI PAPEL E EMBALAGEM S.A.,2021,957438.0
IRANI PAPEL E EMBALAGEM S.A.,2022,1125085.0
IRANI PAPEL E EMBALAGEM S.A.,2023,1279704.0
IRANI PAPEL E EMBALAGEM S.A.,2024,1366538.0
IRANI PAPEL E EMBALAGEM S.A.,2025,1451934.0
IRB - BRASIL RESSEGUROS S.A.,2021,3634360.0
IRB - BRASIL RESSEGUROS S.A.,2022,4073511.0
IRB - BRASIL RESSEGUROS S.A.,2023,4257395.0
IRB - BRASIL RESSEGUROS S.A.,2024,4926059.0
IRB - BRASIL RESSEGUROS S.A.,2025,5282690.0
ISA ENERGIA BRASIL,2021,14792735.0
ISA ENERGIA BRASIL,2022,16536481.0
ISA ENERGIA BRASIL,2023,17791712.0
ISA ENERGIA BRASIL,2024,20071282.0
ISA ENERGIA BRASIL,2025,21437011.0
ITAU UNIBANCO HOLDING S.A.,2021,164476000.0
ITAU UNIBANCO HOLDING S.A.,2022,177343000.0
ITAU UNIBANCO HOLDING S.A.,2023,199050000.0
ITAU UNIBANCO HOLDING S.A.,2024,221284000.0
ITAU UNIBANCO HOLDING S.A.,2025,215076000.0
ITAÚSA S.A.,2021,69508000.0
ITAÚSA S.A.,2022,76535000.0
ITAÚSA S.A.,2023,87050000.0
ITAÚSA S.A.,2024,94997000.0
ITAÚSA S.A.,2025,93379000.0
J. MACEDO S.A.,2021,577002.0
J. MACEDO S.A.,2022,695324.0
J. MACEDO S.A.,2023,1040991.0
J. MACEDO S.A.,2024,1322821.0
J. MACEDO S.A.,2025,1346053.0
JALLES MACHADO S.A.,2021,1135983.0
JALLES MACHADO S.A.,2022,1388729.0
JALLES MACHADO S.A.,2023,1937244.0
JALLES MACHADO S.A.,2024,2074758.0
JALLES MACHADO S.A.,2025,2003170.0
JBS N.V.,2023,21495312.0
JBS N.V.,2024,11652281.0
JBS N.V.,2025,52398220.0
JBS S.A.,2021,47796720.0
JBS S.A.,2022,49808931.0
JBS S.A.,2023,46998306.0
JBS S.A.,2024,50370426.0
JBS S.A.,2025,51594835.0
JHSF MALLS S.A.,2021,1524023.0
JHSF MALLS S.A.,2022,1452477.0
JHSF PARTICIPACOES S.A.,2021,4546460.0
JHSF PARTICIPACOES S.A.,2022,5159673.0
JHSF PARTICIPACOES S.A.,2023,5222945.0
JHSF PARTICIPACOES S.A.,2024,5836514.0
JHSF PARTICIPACOES S.A.,2025,7136734.0
JOAO FORTES ENGENHARIA S.A. - EM RECUPERAÇÃO JUDICIAL,2021,-652289.0
JOAO FORTES ENGENHARIA S.A. - EM RECUPERAÇÃO JUDICIAL,2022,-777989.0
JOAO FORTES ENGENHARIA S.A. - EM RECUPERAÇÃO JUDICIAL,2023,-827605.0
JOAO FORTES ENGENHARIA S.A. - EM RECUPERAÇÃO JUDICIAL,2024,-95406.0
JOAO FORTES ENGENHARIA S.A. - EM RECUPERAÇÃO JUDICIAL,2025,-278567.0
JOSAPAR-JOAQUIM OLIVEIRA S.A. - PARTICIP,2021,724202.0
JOSAPAR-JOAQUIM OLIVEIRA S.A. - PARTICIP,2022,750987.0
JOSAPAR-JOAQUIM OLIVEIRA S.A. - PARTICIP,2023,747714.0
JOSAPAR-JOAQUIM OLIVEIRA S.A. - PARTICIP,2024,763705.0
JOSAPAR-JOAQUIM OLIVEIRA S.A. - PARTICIP,2025,766973.0
JSL S.A.,2021,1329851.0
JSL S.A.,2022,1412613.0
JSL S.A.,2023,1663443.0
JSL S.A.,2024,1770360.0
JSL S.A.,2025,1324556.0
KALLAS INCORPORAÇÕES E CONSTRUÇÕES S.A.,2021,798100.0
KALLAS INCORPORAÇÕES E CONSTRUÇÕES S.A.,2022,798210.0
KALLAS INCORPORAÇÕES E CONSTRUÇÕES S.A.,2023,935148.0
KALLAS INCORPORAÇÕES E CONSTRUÇÕES S.A.,2024,886006.0
KALLAS INCORPORAÇÕES E CONSTRUÇÕES S.A.,2025,850856.0
KARSTEN S.A.,2021,-133954.0
KARSTEN S.A.,2022,-155100.0
KARSTEN S.A.,2023,-112940.0
KARSTEN S.A.,2024,5469.0
KARSTEN S.A.,2025,76010.0
KEPLER WEBER S.A.,2021,461630.0
KEPLER WEBER S.A.,2022,597270.0
KEPLER WEBER S.A.,2023,726203.0
KEPLER WEBER S.A.,2024,740781.0
KEPLER WEBER S.A.,2025,774231.0
KLABIN S.A.,2021,7086227.0
KLABIN S.A.,2022,11568266.0
KLABIN S.A.,2023,13732531.0
KLABIN S.A.,2024,8637200.0
KLABIN S.A.,2025,14401101.0
KORA SAÚDE PARTICIPAÇÕES S.A.,2021,1325116.0
KORA SAÚDE PARTICIPAÇÕES S.A.,2022,1223692.0
KORA SAÚDE PARTICIPAÇÕES S.A.,2023,1085115.0
KORA SAÚDE PARTICIPAÇÕES S.A.,2024,919859.0
KORA SAÚDE PARTICIPAÇÕES S.A.,2025,500832.0
LAVVI EMPREENDIMENTOS IMOBILIÁRIOS S.A.,2021,1249962.0
LAVVI EMPREENDIMENTOS IMOBILIÁRIOS S.A.,2022,1256057.0
LAVVI EMPREENDIMENTOS IMOBILIÁRIOS S.A.,2023,1414520.0
LAVVI EMPREENDIMENTOS IMOBILIÁRIOS S.A.,2024,1741113.0
LAVVI EMPREENDIMENTOS IMOBILIÁRIOS S.A.,2025,1780796.0
LETS RENT A CAR S/A,2023,679591.0
LETS RENT A CAR S/A,2024,591578.0
LG INFORMÁTICA S.A.,2021,92646.0
LIFEMED INDUSTRIAL DE EQUIP. E ART. MEDICOS E HOSP. S.A,2021,197083.0
LIFEMED INDUSTRIAL DE EQUIP. E ART. MEDICOS E HOSP. S.A,2022,181702.0
LIFEMED INDUSTRIAL DE EQUIP. E ART. MEDICOS E HOSP. S.A,2023,163683.0
LIFEMED INDUSTRIAL DE EQUIP. E ART. MEDICOS E HOSP. S.A,2024,135720.0
LIFEMED INDUSTRIAL DE EQUIP. E ART. MEDICOS E HOSP. S.A,2025,135981.0
LIGGA TELECOMUNICAÇÕES S.A.,2022,2060106.0
LIGGA TELECOMUNICAÇÕES S.A.,2023,971302.0
LIGHT ENERGIA S.A.,2021,480833.0
LIGHT ENERGIA S.A.,2022,495048.0
LIGHT ENERGIA S.A.,2023,630655.0
LIGHT ENERGIA S.A.,2024,995599.0
LIGHT ENERGIA S.A.,2025,1153378.0
LIGHT S.A. - EM RECUPERAÇÃO JUDICIAL,2021,8733101.0
LIGHT S.A. - EM RECUPERAÇÃO JUDICIAL,2022,2844757.0
LIGHT S.A. - EM RECUPERAÇÃO JUDICIAL,2023,3095688.0
LIGHT S.A. - EM RECUPERAÇÃO JUDICIAL,2024,5218457.0
LIGHT S.A. - EM RECUPERAÇÃO JUDICIAL,2025,5448695.0
LIVETECH DA BAHIA INDÚSTRIA E COMÉRCIO S.A.,2021,629470.0
LIVETECH DA BAHIA INDÚSTRIA E COMÉRCIO S.A.,2022,647794.0
LIVETECH DA BAHIA INDÚSTRIA E COMÉRCIO S.A.,2023,635111.0
LIVETECH DA BAHIA INDÚSTRIA E COMÉRCIO S.A.,2024,665846.0
LIVETECH DA BAHIA INDÚSTRIA E COMÉRCIO S.A.,2025,466360.0
LM TRANSPORTES INTERESTADUAIS SERVIÇOS E COMÉRCIO S.A.,2021,269913.0
LM TRANSPORTES INTERESTADUAIS SERVIÇOS E COMÉRCIO S.A.,2022,2286762.0
LM TRANSPORTES INTERESTADUAIS SERVIÇOS E COMÉRCIO S.A.,2023,2355244.0
LM TRANSPORTES INTERESTADUAIS SERVIÇOS E COMÉRCIO S.A.,2024,2445613.0
LM TRANSPORTES INTERESTADUAIS SERVIÇOS E COMÉRCIO S.A.,2025,2562357.0
LOCALIZA FLEET S.A.,2021,1382908.0
LOCALIZA FLEET S.A.,2022,1918523.0
LOCALIZA FLEET S.A.,2023,2607562.0
LOCALIZA FLEET S.A.,2024,5088357.0
LOCALIZA FLEET S.A.,2025,5753767.0
LOCALIZA RENT A CAR S.A.,2021,7617090.0
LOCALIZA RENT A CAR S.A.,2022,20570605.0
LOCALIZA RENT A CAR S.A.,2023,25397815.0
LOCALIZA RENT A CAR S.A.,2024,26342714.0
LOCALIZA RENT A CAR S.A.,2025,25539012.0
LOG COMMERCIAL PROPERTIES E PARTICIPAÇÕES,2021,3340742.0
LOG COMMERCIAL PROPERTIES E PARTICIPAÇÕES,2022,3663838.0
LOG COMMERCIAL PROPERTIES E PARTICIPAÇÕES,2023,3732221.0
LOG COMMERCIAL PROPERTIES E PARTICIPAÇÕES,2024,3605375.0
LOG COMMERCIAL PROPERTIES E PARTICIPAÇÕES,2025,3632716.0
LOG-IN LOGISTICA INTERMODAL S.A.,2021,455297.0
LOG-IN LOGISTICA INTERMODAL S.A.,2022,875614.0
LOG-IN LOGISTICA INTERMODAL S.A.,2023,939147.0
LOG-IN LOGISTICA INTERMODAL S.A.,2024,968854.0
LOG-IN LOGISTICA INTERMODAL S.A.,2025,1089675.0
LOJAS QUERO QUERO S.A.,2021,541509.0
LOJAS QUERO QUERO S.A.,2022,536822.0
LOJAS QUERO QUERO S.A.,2023,533802.0
LOJAS QUERO QUERO S.A.,2024,545997.0
LOJAS QUERO QUERO S.A.,2025,404936.0
LOJAS RENNER S.A.,2021,9806621.0
LOJAS RENNER S.A.,2022,10087515.0
LOJAS RENNER S.A.,2023,10047221.0
LOJAS RENNER S.A.,2024,10772951.0
LOJAS RENNER S.A.,2025,10456281.0
LPS BRASIL - CONSULTORIA DE IMOVEIS S.A.,2021,190341.0
LPS BRASIL - CONSULTORIA DE IMOVEIS S.A.,2022,187529.0
LPS BRASIL - CONSULTORIA DE IMOVEIS S.A.,2023,205710.0
LPS BRASIL - CONSULTORIA DE IMOVEIS S.A.,2024,223403.0
LPS BRASIL - CONSULTORIA DE IMOVEIS S.A.,2025,229161.0
LUPATECH S.A,2021,145071.0
LUPATECH S.A,2022,187706.0
LUPATECH S.A,2023,159563.0
LUPATECH S.A,2024,138380.0
LUPATECH S.A,2025,74470.0
LUPO S.A.,2021,932255.0
LUPO S.A.,2022,1069285.0
LUPO S.A.,2023,1175197.0
LUPO S.A.,2024,1284668.0
LUPO S.A.,2025,1386244.0
LWSA S/A,2021,2935066.0
LWSA S/A,2022,2977587.0
LWSA S/A,2023,2882146.0
LWSA S/A,2024,2745843.0
LWSA S/A,2025,2467887.0
M.DIAS BRANCO S.A. IND COM DE ALIMENTOS,2021,7032288.0
M.DIAS BRANCO S.A. IND COM DE ALIMENTOS,2022,6708721.0
M.DIAS BRANCO S.A. IND COM DE ALIMENTOS,2023,7604694.0
M.DIAS BRANCO S.A. IND COM DE ALIMENTOS,2024,7997943.0
M.DIAS BRANCO S.A. IND COM DE ALIMENTOS,2025,8238162.0
MADERO INDÚSTRIA E COMÉRCIO S.A.,2021,457953.0
MADERO INDÚSTRIA E COMÉRCIO S.A.,2022,252663.0
MADERO INDÚSTRIA E COMÉRCIO S.A.,2023,188834.0
MADERO INDÚSTRIA E COMÉRCIO S.A.,2024,356746.0
MADERO INDÚSTRIA E COMÉRCIO S.A.,2025,218512.0
MAGAZINE LUIZA S.A.,2021,11261231.0
MAGAZINE LUIZA S.A.,2022,10648701.0
MAGAZINE LUIZA S.A.,2023,9610534.0
MAGAZINE LUIZA S.A.,2024,11319262.0
MAGAZINE LUIZA S.A.,2025,11278030.0
MAHLE METAL LEVE S.A.,2021,1710803.0
MAHLE METAL LEVE S.A.,2022,1579757.0
MAHLE METAL LEVE S.A.,2023,912718.0
MAHLE METAL LEVE S.A.,2024,770597.0
MAHLE METAL LEVE S.A.,2025,863791.0
MANGELS INDUSTRIAL S.A.,2021,-251234.0
MANGELS INDUSTRIAL S.A.,2022,7225.0
MANGELS INDUSTRIAL S.A.,2023,40978.0
MANGELS INDUSTRIAL S.A.,2024,553.0
MANGELS INDUSTRIAL S.A.,2025,46969.0
MANUFATURA DE BRINQUEDOS ESTRELA S.A.,2021,-498547.0
MANUFATURA DE BRINQUEDOS ESTRELA S.A.,2022,-507524.0
MANUFATURA DE BRINQUEDOS ESTRELA S.A.,2023,-529326.0
MANUFATURA DE BRINQUEDOS ESTRELA S.A.,2024,-553740.0
MANUFATURA DE BRINQUEDOS ESTRELA S.A.,2025,-226654.0
MARCOPOLO S.A.,2021,2956231.0
MARCOPOLO S.A.,2022,3204773.0
MARCOPOLO S.A.,2023,3587709.0
MARCOPOLO S.A.,2024,4082336.0
MARCOPOLO S.A.,2025,3895529.0
MARFRIG GLOBAL FOODS S.A.,2021,5571723.0
MARFRIG GLOBAL FOODS S.A.,2022,26449609.0
MARFRIG GLOBAL FOODS S.A.,2023,24889835.0
MARFRIG GLOBAL FOODS S.A.,2024,19938112.0
MARFRIG GLOBAL FOODS S.A.,2025,14317085.0
MARISA LOJAS S.A.,2021,999524.0
MARISA LOJAS S.A.,2022,517184.0
MARISA LOJAS S.A.,2023,467.0
MARISA LOJAS S.A.,2024,284608.0
MARISA LOJAS S.A.,2025,224157.0
MELNICK DESENVOLVIMENTO IMOBILIÁRIO S.A.,2021,1199022.0
MELNICK DESENVOLVIMENTO IMOBILIÁRIO S.A.,2022,1295213.0
MELNICK DESENVOLVIMENTO IMOBILIÁRIO S.A.,2023,1324704.0
MELNICK DESENVOLVIMENTO IMOBILIÁRIO S.A.,2024,1367967.0
MELNICK DESENVOLVIMENTO IMOBILIÁRIO S.A.,2025,1216258.0
METALFRIO SOLUTIONS S.A.,2021,-121716.0
METALFRIO SOLUTIONS S.A.,2022,-334200.0
METALFRIO SOLUTIONS S.A.,2023,-330162.0
METALFRIO SOLUTIONS S.A.,2024,434408.0
METALFRIO SOLUTIONS S.A.,2025,458696.0
METALURGICA GERDAU S.A.,2021,43623062.0
METALURGICA GERDAU S.A.,2022,47289112.0
METALURGICA GERDAU S.A.,2023,49573439.0
METALURGICA GERDAU S.A.,2024,58253714.0
METALURGICA GERDAU S.A.,2025,53858747.0
METALURGICA RIOSULENSE S.A.,2021,80022.0
METALURGICA RIOSULENSE S.A.,2022,143057.0
METALURGICA RIOSULENSE S.A.,2023,189111.0
METALURGICA RIOSULENSE S.A.,2024,235827.0
METALURGICA RIOSULENSE S.A.,2025,274006.0
METANOR SA METANOL DO NE,2021,85966.0
METANOR SA METANOL DO NE,2022,100876.0
METANOR SA METANOL DO NE,2023,113776.0
METANOR SA METANOL DO NE,2024,123193.0
METANOR SA METANOL DO NE,2025,124524.0
METISA METALURGICA TIMBOENSE S.A.,2021,315893195.0
METISA METALURGICA TIMBOENSE S.A.,2022,383231845.0
METISA METALURGICA TIMBOENSE S.A.,2023,444004108.0
METISA METALURGICA TIMBOENSE S.A.,2024,459343392.0
METISA METALURGICA TIMBOENSE S.A.,2025,456006957.0
"MILLS LOCAÇÃO, SERVIÇOS E LOGÍSTICA S.A.",2021,1092961.0
"MILLS LOCAÇÃO, SERVIÇOS E LOGÍSTICA S.A.",2022,1239377.0
"MILLS LOCAÇÃO, SERVIÇOS E LOGÍSTICA S.A.",2023,1461620.0
"MILLS LOCAÇÃO, SERVIÇOS E LOGÍSTICA S.A.",2024,1448031.0
"MILLS LOCAÇÃO, SERVIÇOS E LOGÍSTICA S.A.",2025,1577807.0
MINERVA S.A.,2021,654131.0
MINERVA S.A.,2022,1062495.0
MINERVA S.A.,2023,659550.0
MINERVA S.A.,2024,87217.0
MINERVA S.A.,2025,1893220.0
MINUPAR PARTICIPACOES S.A.,2021,-344161.0
MINUPAR PARTICIPACOES S.A.,2022,-336085.0
MINUPAR PARTICIPACOES S.A.,2023,-324175.0
MINUPAR PARTICIPACOES S.A.,2024,-312125.0
MINUPAR PARTICIPACOES S.A.,2025,189736.0
MITRE REALTY EMPREENDIMENTOS E PARTICIPAÇÕES S.A.,2021,994933.0
MITRE REALTY EMPREENDIMENTOS E PARTICIPAÇÕES S.A.,2022,1004033.0
MITRE REALTY EMPREENDIMENTOS E PARTICIPAÇÕES S.A.,2023,1026209.0
MITRE REALTY EMPREENDIMENTOS E PARTICIPAÇÕES S.A.,2024,1041998.0
MITRE REALTY EMPREENDIMENTOS E PARTICIPAÇÕES S.A.,2025,1055104.0
MLOG S.A.,2021,823397.0
MLOG S.A.,2022,711670.0
MLOG S.A.,2023,682693.0
MLOG S.A.,2024,641623.0
MLOG S.A.,2025,597272.0
MONTE RODOVIAS S.A.,2021,1079008.0
MONTEIRO ARANHA S.A.,2021,923210.0
MONTEIRO ARANHA S.A.,2022,1019202.0
MONTEIRO ARANHA S.A.,2023,1515156.0
MONTEIRO ARANHA S.A.,2024,1353000.0
MOTIVA INFRAESTRUTURA DE MOBILIDADE S.A.,2021,8565800.0
MOTIVA INFRAESTRUTURA DE MOBILIDADE S.A.,2022,11822750.0
MOTIVA INFRAESTRUTURA DE MOBILIDADE S.A.,2023,13077229.0
MOTIVA INFRAESTRUTURA DE MOBILIDADE S.A.,2024,14002086.0
MOTIVA INFRAESTRUTURA DE MOBILIDADE S.A.,2025,16282437.0
MOURA DUBEUX ENGENHARIA S/A,2021,1071763.0
MOURA DUBEUX ENGENHARIA S/A,2022,1178026.0
MOURA DUBEUX ENGENHARIA S/A,2023,1337581.0
MOURA DUBEUX ENGENHARIA S/A,2024,1536068.0
MOURA DUBEUX ENGENHARIA S/A,2025,1516559.0
MOVIDA PARTICIPACOES SA,2021,3284472.0
MOVIDA PARTICIPACOES SA,2022,2768683.0
MOVIDA PARTICIPACOES SA,2023,2522137.0
MOVIDA PARTICIPACOES SA,2024,2492492.0
MOVIDA PARTICIPACOES SA,2025,2967804.0
MPM CORPÓREOS S.A.,2021,720817.0
MPM CORPÓREOS S.A.,2022,887416.0
MPM CORPÓREOS S.A.,2023,860360.0
MPM CORPÓREOS S.A.,2024,856065.0
MPM CORPÓREOS S.A.,2025,856007.0
MRS LOGISTICA S.A.,2024,7465937.0
MRS LOGISTICA S.A.,2025,8651391.0
MRV ENGENHARIA E PARTICIPACOES S.A.,2021,6573626.0
MRV ENGENHARIA E PARTICIPACOES S.A.,2022,6574308.0
MRV ENGENHARIA E PARTICIPACOES S.A.,2023,7564642.0
MRV ENGENHARIA E PARTICIPACOES S.A.,2024,7470423.0
MRV ENGENHARIA E PARTICIPACOES S.A.,2025,6155197.0
MULTINER S/A,2021,-412531.0
MULTINER S/A,2022,-403981.0
MULTINER S/A,2023,-166967.0
MULTINER S/A,2024,-211024.0
MULTINER S/A,2025,-225735.0
MULTIPLAN - EMPREEND IMOBILIARIOS S.A.,2021,6363193.0
MULTIPLAN - EMPREEND IMOBILIARIOS S.A.,2022,6582543.0
MULTIPLAN - EMPREEND IMOBILIARIOS S.A.,2023,6933998.0
MULTIPLAN - EMPREEND IMOBILIARIOS S.A.,2024,5645769.0
MULTIPLAN - EMPREEND IMOBILIARIOS S.A.,2025,6299379.0
MUNDIAL S.A. - PRODUTOS DE CONSUMO,2021,-724004.0
MUNDIAL S.A. - PRODUTOS DE CONSUMO,2022,158489.0
MUNDIAL S.A. - PRODUTOS DE CONSUMO,2023,146655.0
MUNDIAL S.A. - PRODUTOS DE CONSUMO,2024,163746.0
MUNDIAL S.A. - PRODUTOS DE CONSUMO,2025,134489.0
MÉLIUZ S.A.,2021,695483.0
MÉLIUZ S.A.,2022,799198.0
MÉLIUZ S.A.,2023,782487.0
MÉLIUZ S.A.,2024,349470.0
MÉLIUZ S.A.,2025,518095.0
NATURA &CO HOLDING S.A.,2021,28566725.0
NATURA &CO HOLDING S.A.,2022,22351184.0
NATURA &CO HOLDING S.A.,2023,23120465.0
NATURA &CO HOLDING S.A.,2024,15671587.0
NATURA COSMÉTICOS S.A.,2021,7817396.0
NATURA COSMÉTICOS S.A.,2022,5992553.0
NATURA COSMÉTICOS S.A.,2023,9373002.0
NATURA COSMÉTICOS S.A.,2024,9209915.0
NATURA COSMÉTICOS S.A.,2025,12976710.0
NEOENERGIA S.A.,2021,24238000.0
NEOENERGIA S.A.,2022,26937000.0
NEOENERGIA S.A.,2023,30076000.0
NEOENERGIA S.A.,2024,32747000.0
NEOENERGIA S.A.,2025,36584000.0
NEOGRID PARTICIPAÇÕES S.A.,2021,467868.0
NEOGRID PARTICIPAÇÕES S.A.,2022,457436.0
NEOGRID PARTICIPAÇÕES S.A.,2023,449942.0
NEOGRID PARTICIPAÇÕES S.A.,2024,452974.0
NEOGRID PARTICIPAÇÕES S.A.,2025,442302.0
NEXPE PARTICIPAÇÕES S.A,2021,9856.0
NEXPE PARTICIPAÇÕES S.A,2022,-86833.0
NEXPE PARTICIPAÇÕES S.A,2023,-137498.0
NEXPE PARTICIPAÇÕES S.A,2024,-185994.0
NEXPE PARTICIPAÇÕES S.A,2025,-102952.0
NU HOLDINGS LTD.,2021,24632698.0
NU HOLDINGS LTD.,2022,25810521.0
NUTRIPLANT INDUSTRIA E COMERCIO S.A.,2021,22954.0
NUTRIPLANT INDUSTRIA E COMERCIO S.A.,2022,31337.0
NUTRIPLANT INDUSTRIA E COMERCIO S.A.,2023,34879.0
NUTRIPLANT INDUSTRIA E COMERCIO S.A.,2024,45155.0
NUTRIPLANT INDUSTRIA E COMERCIO S.A.,2025,50539.0
OCEANPACT SERVIÇOS MARITIMOS S.A.,2021,897985.0
OCEANPACT SERVIÇOS MARITIMOS S.A.,2022,763659.0
OCEANPACT SERVIÇOS MARITIMOS S.A.,2023,788369.0
OCEANPACT SERVIÇOS MARITIMOS S.A.,2024,994268.0
OCEANPACT SERVIÇOS MARITIMOS S.A.,2025,1013463.0
OCEÂNICA ENGENHARIA E CONSULTORIA S.A.,2021,49668.0
OCEÂNICA ENGENHARIA E CONSULTORIA S.A.,2022,99585.0
OCEÂNICA ENGENHARIA E CONSULTORIA S.A.,2023,115626.0
OCEÂNICA ENGENHARIA E CONSULTORIA S.A.,2024,-181377.0
OCEÂNICA ENGENHARIA E CONSULTORIA S.A.,2025,-110819.0
ODONTOPREV S.A.,2021,1121249.0
OI S.A. - EM RECUPERAÇÃO JUDICIAL,2021,-722981.0
OI S.A. - EM RECUPERAÇÃO JUDICIAL,2022,-21846002.0
OI S.A. - EM RECUPERAÇÃO JUDICIAL,2023,-27283395.0
OI S.A. - EM RECUPERAÇÃO JUDICIAL,2024,-16286602.0
OLIVEIRA TRUST S.A.,2021,66586.0
OLIVEIRA TRUST S.A.,2022,84908.0
OLIVEIRA TRUST S.A.,2023,89136.0
OLIVEIRA TRUST S.A.,2024,100557.0
OLIVEIRA TRUST S.A.,2025,86413.0
ONCOCLÍNICAS DO BRASIL SERVIÇOS MÉDICOS S.A.,2021,2304943.0
ONCOCLÍNICAS DO BRASIL SERVIÇOS MÉDICOS S.A.,2022,2632456.0
ONCOCLÍNICAS DO BRASIL SERVIÇOS MÉDICOS S.A.,2023,2679371.0
ONCOCLÍNICAS DO BRASIL SERVIÇOS MÉDICOS S.A.,2024,3382425.0
ONCOCLÍNICAS DO BRASIL SERVIÇOS MÉDICOS S.A.,2025,1062407.0
ORANJEBTC S.A. - EDUCAÇÃO E INVESTIMENTO,2025,1696382.0
ORIGEM ENERGIA S.A.,2022,2986352.0
ORIGEM ENERGIA S.A.,2023,1746169.0
ORIGEM ENERGIA S.A.,2024,943350.0
ORIGEM ENERGIA S.A.,2025,1368603.0
ORIZON MEIO AMBIENTE S.A.,2022,709554.0
ORIZON MEIO AMBIENTE S.A.,2023,709795.0
ORIZON MEIO AMBIENTE S.A.,2024,779421.0
ORIZON MEIO AMBIENTE S.A.,2025,817300.0
ORIZON VALORIZAÇÃO DE RESÍDUOS S.A.,2021,369413.0
ORIZON VALORIZAÇÃO DE RESÍDUOS S.A.,2022,581467.0
ORIZON VALORIZAÇÃO DE RESÍDUOS S.A.,2023,744593.0
ORIZON VALORIZAÇÃO DE RESÍDUOS S.A.,2024,873871.0
ORIZON VALORIZAÇÃO DE RESÍDUOS S.A.,2025,1551637.0
OSX BRASIL S.A. - EM RECUPERAÇÃO JUDICIAL,2021,-5336929.0
OSX BRASIL S.A. - EM RECUPERAÇÃO JUDICIAL,2022,-5624263.0
OSX BRASIL S.A. - EM RECUPERAÇÃO JUDICIAL,2023,-6808783.0
OSX BRASIL S.A. - EM RECUPERAÇÃO JUDICIAL,2024,-8404492.0
OSX BRASIL S.A. - EM RECUPERAÇÃO JUDICIAL,2025,-9918400.0
OUROFINO S.A.,2021,641472.0
OUROFINO S.A.,2022,735969.0
OUROFINO S.A.,2023,689395.0
OUROFINO S.A.,2024,756419.0
OUROFINO S.A.,2025,796857.0
PACAEMBU CONSTRUTORA S.A.,2021,365450.0
PACAEMBU CONSTRUTORA S.A.,2022,388815.0
PACAEMBU CONSTRUTORA S.A.,2023,471549.0
PACAEMBU CONSTRUTORA S.A.,2024,663570.0
PACAEMBU CONSTRUTORA S.A.,2025,865334.0
PADTEC HOLDING S.A.,2021,128337.0
PADTEC HOLDING S.A.,2022,135679.0
PADTEC HOLDING S.A.,2023,152540.0
PADTEC HOLDING S.A.,2024,121931.0
PADTEC HOLDING S.A.,2025,134974.0
PANATLANTICA S.A.,2021,854351.0
PANATLANTICA S.A.,2022,840373.0
PANATLANTICA S.A.,2023,840564.0
PANATLANTICA S.A.,2024,769144.0
PANATLANTICA S.A.,2025,742060.0
PARANAPANEMA S.A. - EM RECUPERAÇÃO JUDICIAL,2021,-954026.0
PARANAPANEMA S.A. - EM RECUPERAÇÃO JUDICIAL,2022,-2817566.0
PARANAPANEMA S.A. - EM RECUPERAÇÃO JUDICIAL,2023,-4223510.0
PARANAPANEMA S.A. - EM RECUPERAÇÃO JUDICIAL,2024,-6285846.0
PARANAPANEMA S.A. - EM RECUPERAÇÃO JUDICIAL,2025,-7544086.0
PATRIMAR ENGENHARIA S.A.,2021,487282.0
PATRIMAR ENGENHARIA S.A.,2022,537696.0
PATRIMAR ENGENHARIA S.A.,2023,571490.0
PATRIMAR ENGENHARIA S.A.,2024,565112.0
PATRIMAR ENGENHARIA S.A.,2025,552614.0
PBG S/A,2021,356157.0
PBG S/A,2022,467244.0
PBG S/A,2023,385989.0
PBG S/A,2024,371119.0
PBG S/A,2025,26502.0
PDG REALTY S.A. EMPREEND E PARTICIPACOES,2021,-5211848.0
PDG REALTY S.A. EMPREEND E PARTICIPACOES,2022,-4890668.0
PDG REALTY S.A. EMPREEND E PARTICIPACOES,2023,-3320543.0
PDG REALTY S.A. EMPREEND E PARTICIPACOES,2024,-3333497.0
PDG REALTY S.A. EMPREEND E PARTICIPACOES,2025,-3308533.0
PET CENTER COMÉRCIO E PARTICIPAÇÕES S.A.,2021,1759256.0
PET CENTER COMÉRCIO E PARTICIPAÇÕES S.A.,2022,1840572.0
PET CENTER COMÉRCIO E PARTICIPAÇÕES S.A.,2023,1808893.0
PET CENTER COMÉRCIO E PARTICIPAÇÕES S.A.,2024,1661686.0
PET CENTER COMÉRCIO E PARTICIPAÇÕES S.A.,2025,1708254.0
PETROLEO BRASILEIRO S.A. PETROBRAS,2021,389581000.0
PETROLEO BRASILEIRO S.A. PETROBRAS,2022,364385000.0
PETROLEO BRASILEIRO S.A. PETROBRAS,2023,382340000.0
PETROLEO BRASILEIRO S.A. PETROBRAS,2024,367514000.0
PETROLEO BRASILEIRO S.A. PETROBRAS,2025,417587000.0
PETRORECÔNCAVO S.A.,2021,1871813.0
PETRORECÔNCAVO S.A.,2022,3810502.0
PETRORECÔNCAVO S.A.,2023,4517883.0
PETRORECÔNCAVO S.A.,2024,4235277.0
PETRORECÔNCAVO S.A.,2025,4330716.0
PETTENATI S.A. INDUSTRIA TEXTIL,2021,342492503.0
PETTENATI S.A. INDUSTRIA TEXTIL,2022,414166221.0
PETTENATI S.A. INDUSTRIA TEXTIL,2023,430112349.0
PETTENATI S.A. INDUSTRIA TEXTIL,2024,481583320.0
PETTENATI S.A. INDUSTRIA TEXTIL,2025,510135052.0
PLANO & PLANO DESENVOLVIMENTO IMOBILIÁRIO S.A.,2021,317223.0
PLANO & PLANO DESENVOLVIMENTO IMOBILIÁRIO S.A.,2022,408982.0
PLANO & PLANO DESENVOLVIMENTO IMOBILIÁRIO S.A.,2023,646114.0
PLANO & PLANO DESENVOLVIMENTO IMOBILIÁRIO S.A.,2024,915646.0
PLANO & PLANO DESENVOLVIMENTO IMOBILIÁRIO S.A.,2025,1142545.0
PLASCAR PARTICIPACOES INDUSTRIAIS S.A.,2021,-311446.0
PLASCAR PARTICIPACOES INDUSTRIAIS S.A.,2022,-408567.0
PLASCAR PARTICIPACOES INDUSTRIAIS S.A.,2023,-409281.0
PLASCAR PARTICIPACOES INDUSTRIAIS S.A.,2024,-519276.0
PLASCAR PARTICIPACOES INDUSTRIAIS S.A.,2025,-723222.0
PLATÃO CAPITAL S.A.,2024,-30044.0
PLATÃO CAPITAL S.A.,2025,-87658.0
POMIFRUTAS S/A EM RECUPERACAO JUDICIAL,2021,-65240.0
POMIFRUTAS S/A EM RECUPERACAO JUDICIAL,2022,-70440.0
POMIFRUTAS S/A EM RECUPERACAO JUDICIAL,2023,-75884.0
PORTO SAÚDE PARTICIPAÇÕES S.A.,2023,2482604.0
PORTO SAÚDE PARTICIPAÇÕES S.A.,2024,1754700.0
PORTO SAÚDE PARTICIPAÇÕES S.A.,2025,2342005.0
PORTO SEGURO S.A.,2021,9364728.0
PORTO SEGURO S.A.,2022,10641057.0
PORTO SEGURO S.A.,2023,12497798.0
PORTO SEGURO S.A.,2024,14145398.0
PORTO SEGURO S.A.,2025,15871223.0
PORTO SERVIÇO S.A,2023,2142546.0
PORTO SERVIÇO S.A,2024,1177903.0
PORTO SERVIÇO S.A,2025,1035033.0
POSITIVO TECNOLOGIA S.A.,2021,1181661.0
POSITIVO TECNOLOGIA S.A.,2022,1406320.0
POSITIVO TECNOLOGIA S.A.,2023,1596427.0
POSITIVO TECNOLOGIA S.A.,2024,1646121.0
POSITIVO TECNOLOGIA S.A.,2025,1575992.0
PRINER SERVIÇOS INDUSTRIAIS S.A.,2021,229080.0
PRINER SERVIÇOS INDUSTRIAIS S.A.,2022,221762.0
PRINER SERVIÇOS INDUSTRIAIS S.A.,2023,238704.0
PRINER SERVIÇOS INDUSTRIAIS S.A.,2024,354650.0
PRINER SERVIÇOS INDUSTRIAIS S.A.,2025,562334.0
PRIO FORTE S.A.,2023,1120723.0
PRIO FORTE S.A.,2024,22271345.0
PRIO FORTE S.A.,2025,20189885.0
PRIO S.A.,2021,6620249.0
PRIO S.A.,2022,9892017.0
PRIO S.A.,2023,13878280.0
PRIO S.A.,2024,25924192.0
PRIO S.A.,2025,25779881.0
PRODUTORES ENERGET.DE MANSO S.A.- PROMAN,2021,-380.0
PRODUTORES ENERGET.DE MANSO S.A.- PROMAN,2022,-138.0
PRODUTORES ENERGET.DE MANSO S.A.- PROMAN,2023,-648.0
PRODUTORES ENERGET.DE MANSO S.A.- PROMAN,2024,-437.0
PRODUTORES ENERGET.DE MANSO S.A.- PROMAN,2025,-218.0
PROFARMA DISTRIB PROD FARMACEUTICOS S.A.,2021,1475888.0
PROFARMA DISTRIB PROD FARMACEUTICOS S.A.,2022,1510594.0
PROFARMA DISTRIB PROD FARMACEUTICOS S.A.,2023,1539025.0
PROFARMA DISTRIB PROD FARMACEUTICOS S.A.,2024,1585820.0
PROFARMA DISTRIB PROD FARMACEUTICOS S.A.,2025,1635564.0
PRÁTICA PRODUTOS S.A.,2021,63884.0
PRÁTICA PRODUTOS S.A.,2022,77506.0
PRÁTICA PRODUTOS S.A.,2023,77630.0
PRÁTICA PRODUTOS S.A.,2024,101566.0
PRÁTICA PRODUTOS S.A.,2025,98993.0
QUALICORP CONSULTORIA E CORRETORA DE SEGUROS S.A.,2021,1275049.0
QUALICORP CONSULTORIA E CORRETORA DE SEGUROS S.A.,2022,1356594.0
QUALICORP CONSULTORIA E CORRETORA DE SEGUROS S.A.,2023,1285533.0
QUALICORP CONSULTORIA E CORRETORA DE SEGUROS S.A.,2024,1301570.0
QUALICORP CONSULTORIA E CORRETORA DE SEGUROS S.A.,2025,1308389.0
QUALITY SOFTWARE S.A.,2021,58506511.0
QUALITY SOFTWARE S.A.,2022,67949095.0
QUALITY SOFTWARE S.A.,2023,82523862.0
QUALITY SOFTWARE S.A.,2024,104149402.0
QUALITY SOFTWARE S.A.,2025,122773556.0
RAIA DROGASIL S.A.,2021,4718802.0
RAIA DROGASIL S.A.,2022,5402941.0
RAIA DROGASIL S.A.,2023,6028301.0
RAIA DROGASIL S.A.,2024,6446887.0
RAIA DROGASIL S.A.,2025,7335968.0
RAIZEN ENERGIA S.A.,2021,6909313.0
RAIZEN ENERGIA S.A.,2022,13595854.0
RAIZEN ENERGIA S.A.,2023,22172246.0
RAIZEN ENERGIA S.A.,2024,20006611.0
RAIZEN ENERGIA S.A.,2025,15124031.0
RANDONCORP S.A.,2021,3274740.0
RANDONCORP S.A.,2022,3821266.0
RANDONCORP S.A.,2023,3895390.0
RANDONCORP S.A.,2024,4507688.0
RANDONCORP S.A.,2025,4747907.0
RAÍZEN S.A.,2021,5609842.0
RAÍZEN S.A.,2022,22258908.0
RAÍZEN S.A.,2023,22904161.0
RAÍZEN S.A.,2024,22125564.0
RAÍZEN S.A.,2025,18175938.0
REAG CAPITAL HOLDING S.A.,2021,41640.0
REAG CAPITAL HOLDING S.A.,2022,184083.0
REAG CAPITAL HOLDING S.A.,2023,608236.0
RECRUSUL S.A.,2021,-41185.0
RECRUSUL S.A.,2022,-5678.0
RECRUSUL S.A.,2023,473.0
RECRUSUL S.A.,2024,-17477.0
RECRUSUL S.A.,2025,-22938.0
REDE D'OR SÃO LUIZ S.A.,2021,14677939.0
REDE D'OR SÃO LUIZ S.A.,2022,23076970.0
REDE D'OR SÃO LUIZ S.A.,2023,23835646.0
REDE D'OR SÃO LUIZ S.A.,2024,26701868.0
REDE D'OR SÃO LUIZ S.A.,2025,21621087.0
REDE ENERGIA PARTICIPAÇÕES S.A.,2021,5289399.0
REDE ENERGIA PARTICIPAÇÕES S.A.,2022,5512016.0
REDE ENERGIA PARTICIPAÇÕES S.A.,2023,5968436.0
REDE ENERGIA PARTICIPAÇÕES S.A.,2024,6485030.0
REDE ENERGIA PARTICIPAÇÕES S.A.,2025,6640369.0
REFINARIA DE PETROLEOS MANGUINHOS S.A.,2021,-3555720.0
REFINARIA DE PETROLEOS MANGUINHOS S.A.,2022,-4491672.0
REFINARIA DE PETROLEOS MANGUINHOS S.A.,2023,-5470881.0
REFINARIA DE PETROLEOS MANGUINHOS S.A.,2024,-6512155.0
RENOVA ENERGIA S.A.,2021,-655320.0
RENOVA ENERGIA S.A.,2022,910962.0
RENOVA ENERGIA S.A.,2023,933020.0
RENOVA ENERGIA S.A.,2024,815951.0
RENOVA ENERGIA S.A.,2025,1190207.0
REVEE S.A.,2025,132042000.0
RIO ALTO ENERGIAS RENOVÁVEIS S.A.,2021,-36078.0
RIO ALTO ENERGIAS RENOVÁVEIS S.A.,2022,-247558.0
RIO ALTO ENERGIAS RENOVÁVEIS S.A.,2023,-260985.0
RIO ALTO ENERGIAS RENOVÁVEIS S.A.,2024,-711249.0
RIO ALTO ENERGIAS RENOVÁVEIS S.A.,2025,-1297173.0
RIO ALTO STL HOLDING I S.A.,2021,46768918.0
RIO ALTO STL HOLDING I S.A.,2022,458567.0
RIO ALTO STL HOLDING I S.A.,2023,406589.0
RIO ALTO STL HOLDING I S.A.,2024,151416.0
RIO ENERGY PARTICIPAÇÕES S.A.,2021,909246.0
RIO ENERGY PARTICIPAÇÕES S.A.,2022,902544.0
RIO PARANAPANEMA ENERGIA S.A.,2021,1907664.0
RIO PARANAPANEMA ENERGIA S.A.,2022,1871612.0
RIO PARANAPANEMA ENERGIA S.A.,2023,0.0
RIO PARANAPANEMA ENERGIA S.A.,2024,0.0
RIO PARANAPANEMA ENERGIA S.A.,2025,0.0
RIVA INCORPORADORA S.A,2021,346733.0
RIVA INCORPORADORA S.A,2022,407676.0
RNI NEGÓCIOS IMOBILIÁRIOS S.A.,2021,638124.0
RNI NEGÓCIOS IMOBILIÁRIOS S.A.,2022,661198.0
RNI NEGÓCIOS IMOBILIÁRIOS S.A.,2023,461153.0
RNI NEGÓCIOS IMOBILIÁRIOS S.A.,2024,291470.0
RNI NEGÓCIOS IMOBILIÁRIOS S.A.,2025,92446.0
RODOBENS SA,2021,722375.0
RODOBENS SA,2022,930616.0
RODOBENS SA,2023,1024331.0
RODOBENS SA,2024,1198210.0
RODOBENS SA,2025,1273981.0
RODOVIAS DO BRASIL HOLDING S.A.,2021,223310.0
RODOVIAS DO BRASIL HOLDING S.A.,2022,154513.0
RODOVIAS DO BRASIL HOLDING S.A.,2023,259172.0
RODOVIAS DO BRASIL HOLDING S.A.,2024,399705.0
RODOVIAS DO BRASIL HOLDING S.A.,2025,605744.0
ROMI S.A.,2021,964961.0
ROMI S.A.,2022,1095398.0
ROMI S.A.,2023,1171343.0
ROMI S.A.,2024,1229013.0
ROMI S.A.,2025,1248879.0
ROSSI RESIDENCIAL S.A. - EM RECUPERAÇÃO JUDICIAL,2021,-724691.0
ROSSI RESIDENCIAL S.A. - EM RECUPERAÇÃO JUDICIAL,2022,-1108463.0
ROSSI RESIDENCIAL S.A. - EM RECUPERAÇÃO JUDICIAL,2023,-853760.0
ROSSI RESIDENCIAL S.A. - EM RECUPERAÇÃO JUDICIAL,2024,-757854.0
RUMO S.A.,2021,15018563.0
RUMO S.A.,2022,15410450.0
RUMO S.A.,2023,15871055.0
RUMO S.A.,2024,14935155.0
RUMO S.A.,2025,14048438.0
SABER SERVIÇOS EDUCACIONAIS S.A.,2021,1879067.0
SABER SERVIÇOS EDUCACIONAIS S.A.,2022,517683.0
SABER SERVIÇOS EDUCACIONAIS S.A.,2023,665534.0
SAFIRA HOLDING S.A.,2021,72364.0
SAFIRA HOLDING S.A.,2022,89877.0
SAFIRA HOLDING S.A.,2023,98199.0
SANSUY S.A. INDUSTRIA DE PLASTICOS,2021,-1493753.0
SANSUY S.A. INDUSTRIA DE PLASTICOS,2022,-1826362.0
SANSUY S.A. INDUSTRIA DE PLASTICOS,2023,-1963944.0
SANSUY S.A. INDUSTRIA DE PLASTICOS,2024,-1985197.0
SANSUY S.A. INDUSTRIA DE PLASTICOS,2025,-2269401.0
SANTOS BRASIL PARTICIPACOES S.A.,2021,2187228.0
SANTOS BRASIL PARTICIPACOES S.A.,2022,2092883.0
SANTOS BRASIL PARTICIPACOES S.A.,2023,2217018.0
SANTOS BRASIL PARTICIPACOES S.A.,2024,661359.0
SANTOS BRASIL PARTICIPACOES S.A.,2025,1073643.0
SAO CARLOS EMPREEND E PARTICIPACOES S.A.,2021,1576743.0
SAO CARLOS EMPREEND E PARTICIPACOES S.A.,2022,1487295.0
SAO CARLOS EMPREEND E PARTICIPACOES S.A.,2023,1731972.0
SAO CARLOS EMPREEND E PARTICIPACOES S.A.,2024,1553774.0
SAO CARLOS EMPREEND E PARTICIPACOES S.A.,2025,1070595.0
SAO MARTINHO S.A.,2021,3986589.0
SAO MARTINHO S.A.,2022,5318425.0
SAO MARTINHO S.A.,2023,5912363.0
SAO MARTINHO S.A.,2024,6862371.0
SAO MARTINHO S.A.,2025,6699362.0
SARAIVA LIVREIROS S.A. - EM RECUPERAÇÃO JUDICIAL,2021,-498920.0
SARAIVA LIVREIROS S.A. - EM RECUPERAÇÃO JUDICIAL,2022,-347707.0
SBF COMÉRCIO DE PRODUTOS ESPORTIVOS S.A.,2021,1059678.0
SBF COMÉRCIO DE PRODUTOS ESPORTIVOS S.A.,2022,2460560.0
SBF COMÉRCIO DE PRODUTOS ESPORTIVOS S.A.,2023,2556453.0
SBF COMÉRCIO DE PRODUTOS ESPORTIVOS S.A.,2024,3062351.0
SBF COMÉRCIO DE PRODUTOS ESPORTIVOS S.A.,2025,3456002.0
SCHULZ S.A.,2021,908481.0
SCHULZ S.A.,2022,1114869.0
SCHULZ S.A.,2023,1298241.0
SCHULZ S.A.,2024,1424633.0
SCHULZ S.A.,2025,1500007.0
SELF IT ACADEMIAS HOLDING S.A.,2021,89309.0
SENIOR SISTEMAS S.A.,2021,250599.0
SENIOR SISTEMAS S.A.,2022,340534.0
SENIOR SISTEMAS S.A.,2023,449525.0
SENIOR SISTEMAS S.A.,2024,544829.0
SENIOR SISTEMAS S.A.,2025,463045.0
SEQUOIA LOGÍSTICA E TRANSPORTES S.A.,2021,600831.0
SEQUOIA LOGÍSTICA E TRANSPORTES S.A.,2022,501389.0
SEQUOIA LOGÍSTICA E TRANSPORTES S.A.,2023,117566.0
SEQUOIA LOGÍSTICA E TRANSPORTES S.A.,2024,-924561.0
SEQUOIA LOGÍSTICA E TRANSPORTES S.A.,2025,-183235.0
SER EDUCACIONAL S.A.,2021,1463077.0
SER EDUCACIONAL S.A.,2022,1237531.0
SER EDUCACIONAL S.A.,2023,1209487.0
SER EDUCACIONAL S.A.,2024,1208464.0
SER EDUCACIONAL S.A.,2025,1342852.0
SERENA ENERGIA S.A.,2021,4306249.0
SERENA ENERGIA S.A.,2022,5171274.0
SERENA ENERGIA S.A.,2023,5241747.0
SERENA ENERGIA S.A.,2024,5700221.0
SERENA ENERGIA S.A.,2025,5677318.0
SERENA GERAÇÃO S.A.,2021,4188715.0
SERENA GERAÇÃO S.A.,2022,4252135.0
SERENA GERAÇÃO S.A.,2023,4447063.0
SERENA GERAÇÃO S.A.,2024,5133469.0
SERENA GERAÇÃO S.A.,2025,5235190.0
SIMPAR S.A.,2021,5824260.0
SIMPAR S.A.,2022,5581753.0
SIMPAR S.A.,2023,6751732.0
SIMPAR S.A.,2024,5724991.0
SIMPAR S.A.,2025,7411001.0
SINQIA S.A.,2021,785456.0
SINQIA S.A.,2022,670373.0
SLC AGRICOLA S.A.,2021,3776076.0
SLC AGRICOLA S.A.,2022,4896432.0
SLC AGRICOLA S.A.,2023,5241866.0
SLC AGRICOLA S.A.,2024,4104542.0
SLC AGRICOLA S.A.,2025,5655435.0
SMARTFIT ESCOLA DE GINÁSTICA E DANÇA S.A.,2021,4429292.0
SMARTFIT ESCOLA DE GINÁSTICA E DANÇA S.A.,2022,4208115.0
SMARTFIT ESCOLA DE GINÁSTICA E DANÇA S.A.,2023,5095634.0
SMARTFIT ESCOLA DE GINÁSTICA E DANÇA S.A.,2024,5471778.0
SMARTFIT ESCOLA DE GINÁSTICA E DANÇA S.A.,2025,5663406.0
SOLAR BEBIDAS S.A.,2021,2668246.0
SOLAR BEBIDAS S.A.,2022,5318163.0
SOLAR BEBIDAS S.A.,2023,4792016.0
SOLAR BEBIDAS S.A.,2024,5348401.0
SOLAR BEBIDAS S.A.,2025,4412020.0
SOLVI ESSENCIS AMBIENTAL S.A.,2022,575439.0
SOLVI ESSENCIS AMBIENTAL S.A.,2023,565730.0
SOLVI ESSENCIS AMBIENTAL S.A.,2024,1462236.0
SOLVI ESSENCIS AMBIENTAL S.A.,2025,1519838.0
SONDOTECNICA ENGENHARIA SOLOS S.A.,2021,65821.0
SONDOTECNICA ENGENHARIA SOLOS S.A.,2022,62789.0
SONDOTECNICA ENGENHARIA SOLOS S.A.,2023,60198.0
SONDOTECNICA ENGENHARIA SOLOS S.A.,2024,65904.0
SONDOTECNICA ENGENHARIA SOLOS S.A.,2025,67670.0
SPRINGS GLOBAL PARTICIPACOES S.A.,2021,990441.0
SPRINGS GLOBAL PARTICIPACOES S.A.,2022,378671.0
SPRINGS GLOBAL PARTICIPACOES S.A.,2023,-724519.0
SPRINGS GLOBAL PARTICIPACOES S.A.,2024,-951614.0
STATKRAFT ENERGIAS RENOVAVEIS S.A.,2021,2067838.0
STATKRAFT ENERGIAS RENOVAVEIS S.A.,2022,3203981.0
STATKRAFT ENERGIAS RENOVAVEIS S.A.,2023,4761344.0
SUGOI S.A.,2021,57570.0
SUGOI S.A.,2022,60980.0
SUGOI S.A.,2023,95733.0
SUGOI S.A.,2024,7962.0
SUL 116 PARTICIPACOES S.A.,2021,10423.0
SUL 116 PARTICIPAÇÕES S.A. - EM LIQUIDAÇÃO,2022,10647.0
SUL 116 PARTICIPAÇÕES S.A. - EM LIQUIDAÇÃO,2023,0.0
SUL 116 PARTICIPAÇÕES S.A. - EM LIQUIDAÇÃO,2024,10192.0
SUL 116 PARTICIPAÇÕES S.A. - EM LIQUIDAÇÃO,2025,10034.0
SUL AMERICA S.A.,2021,8138376.0
SUZANO HOLDING S.A.,2021,15230792.0
SUZANO HOLDING S.A.,2022,33239904.0
SUZANO HOLDING S.A.,2023,44861712.0
SUZANO HOLDING S.A.,2024,32479559.0
SUZANO HOLDING S.A.,2025,42648767.0
SUZANO S.A.,2021,15175130.0
SUZANO S.A.,2022,33166365.0
SUZANO S.A.,2023,44810300.0
SUZANO S.A.,2024,32415575.0
SUZANO S.A.,2025,43952173.0
SYN PROP & TECH S.A.,2021,2774496.0
SYN PROP & TECH S.A.,2022,2574474.0
SYN PROP & TECH S.A.,2023,2565376.0
SYN PROP & TECH S.A.,2024,1840842.0
SYN PROP & TECH S.A.,2025,1345081.0
T4F ENTRETENIMENTO S.A.,2021,135084.0
T4F ENTRETENIMENTO S.A.,2022,114330.0
T4F ENTRETENIMENTO S.A.,2023,180313.0
T4F ENTRETENIMENTO S.A.,2024,137355.0
T4F ENTRETENIMENTO S.A.,2025,104158.0
TAURUS ARMAS S.A.,2021,757047.0
TAURUS ARMAS S.A.,2022,1024231.0
TAURUS ARMAS S.A.,2023,1091805.0
TAURUS ARMAS S.A.,2024,1294361.0
TAURUS ARMAS S.A.,2025,1247453.0
TC S.A.,2021,613211.0
TECHNOS S.A.,2021,329014.0
TECHNOS S.A.,2022,364946.0
TECHNOS S.A.,2023,402679.0
TECHNOS S.A.,2024,410409.0
TECHNOS S.A.,2025,437800.0
TECIDOS E ARMARINHOS MIGUEL BARTOLOMEU S.A.,2022,341465.0
TECIDOS E ARMARINHOS MIGUEL BARTOLOMEU S.A.,2023,272999.0
TECIDOS E ARMARINHOS MIGUEL BARTOLOMEU S.A.,2024,451852.0
TECIDOS E ARMARINHOS MIGUEL BARTOLOMEU S.A.,2025,431994.0
TECNISA S.A.,2021,661234.0
TECNISA S.A.,2022,622022.0
TECNISA S.A.,2023,535514.0
TECNISA S.A.,2024,385798.0
TECNISA S.A.,2025,291943.0
TECNOGERA-LOCAÇÃO E TRANSFORMAÇÃO DE ENERGIA S.A.,2023,86006.0
TECNOGERA-LOCAÇÃO E TRANSFORMAÇÃO DE ENERGIA S.A.,2024,162803.0
TECNOGERA-LOCAÇÃO E TRANSFORMAÇÃO DE ENERGIA S.A.,2025,498998.0
TECNOSOLO ENGENHARIA S.A. - EMPRESA FALIDA,2021,-578.0
TEGMA GESTAO LOGISTICA S.A.,2021,681301.0
TEGMA GESTAO LOGISTICA S.A.,2022,767127.0
TEGMA GESTAO LOGISTICA S.A.,2023,836545.0
TEGMA GESTAO LOGISTICA S.A.,2024,921409.0
TEGMA GESTAO LOGISTICA S.A.,2025,872233.0
TEGRA INCORPORADORA S.A.,2021,2412238.0
TEGRA INCORPORADORA S.A.,2022,2573214.0
TEGRA INCORPORADORA S.A.,2023,2740922.0
TEGRA INCORPORADORA S.A.,2024,2727559.0
TEGRA INCORPORADORA S.A.,2025,2432302.0
TEKA-TECELAGEM KUEHNRICH S.A. - EM RECUPERAÇÃO JUDICIAL,2021,-1757706.0
TEKA-TECELAGEM KUEHNRICH S.A. - EM RECUPERAÇÃO JUDICIAL,2022,-1917880.0
TEKA-TECELAGEM KUEHNRICH S.A. - EM RECUPERAÇÃO JUDICIAL,2023,-2069952.0
TEKA-TECELAGEM KUEHNRICH S.A. - EM RECUPERAÇÃO JUDICIAL,2024,-2308147.0
TEKNO S.A. - INDUSTRIA E COMERCIO,2021,237598.0
TEKNO S.A. - INDUSTRIA E COMERCIO,2022,264735.0
TEKNO S.A. - INDUSTRIA E COMERCIO,2023,287363.0
TEKNO S.A. - INDUSTRIA E COMERCIO,2024,318980.0
TEKNO S.A. - INDUSTRIA E COMERCIO,2025,289247.0
TELEFÔNICA BRASIL S.A,2021,70006196.0
TELEFÔNICA BRASIL S.A,2022,68455847.0
TELEFÔNICA BRASIL S.A,2023,69627320.0
TELEFÔNICA BRASIL S.A,2024,69799495.0
TELEFÔNICA BRASIL S.A,2025,69002726.0
TERP GLBL BRASIL I PARTICIPAÇÕES S.A.,2024,27002.0
TERP GLBL BRASIL I PARTICIPAÇÕES S.A.,2025,7938.0
TERRA SANTA PROPRIEDADES AGRÍCOLAS S.A.,2021,696064.0
TERRA SANTA PROPRIEDADES AGRÍCOLAS S.A.,2022,785934.0
TERRA SANTA PROPRIEDADES AGRÍCOLAS S.A.,2023,714421.0
TERRA SANTA PROPRIEDADES AGRÍCOLAS S.A.,2024,713751.0
TERRA SANTA PROPRIEDADES AGRÍCOLAS S.A.,2025,658747.0
TEXTIL RENAUXVIEW S.A.,2021,-331987.0
TEXTIL RENAUXVIEW S.A.,2022,-330842.0
TEXTIL RENAUXVIEW S.A.,2023,-314075.0
TEXTIL RENAUXVIEW S.A.,2024,-342030.0
TEXTIL RENAUXVIEW S.A.,2025,-398269.0
TIGRE S.A. PARTICIPAÇÕES,2021,1662597.0
TIGRE S.A. PARTICIPAÇÕES,2022,1977503.0
TIGRE S.A. PARTICIPAÇÕES,2023,1965073.0
TIGRE S.A. PARTICIPAÇÕES,2024,1911605.0
TIGRE S.A. PARTICIPAÇÕES,2025,1943429.0
TIM BRASIL SERVIÇOS E PARTICIPAÇÕES S.A.,2021,25188425.0
TIM BRASIL SERVIÇOS E PARTICIPAÇÕES S.A.,2022,25480494.0
TIM BRASIL SERVIÇOS E PARTICIPAÇÕES S.A.,2023,21409100.0
TIM BRASIL SERVIÇOS E PARTICIPAÇÕES S.A.,2024,22681077.0
TIM BRASIL SERVIÇOS E PARTICIPAÇÕES S.A.,2025,19545484.0
TIM S.A.,2022,25397365.0
TIM S.A.,2023,26015940.0
TIM S.A.,2024,0.0
TIM S.A.,2025,0.0
TOTVS S.A.,2021,4486008.0
TOTVS S.A.,2022,4584849.0
TOTVS S.A.,2023,5012671.0
TOTVS S.A.,2024,4987121.0
TOTVS S.A.,2025,5443457.0
TPI - TRIUNFO PARTICIP. E INVEST. S.A.,2021,912686.0
TPI - TRIUNFO PARTICIP. E INVEST. S.A.,2022,917043.0
TPI - TRIUNFO PARTICIP. E INVEST. S.A.,2023,900552.0
TPI - TRIUNFO PARTICIP. E INVEST. S.A.,2024,908863.0
TPI - TRIUNFO PARTICIP. E INVEST. S.A.,2025,482450.0
TRACK & FIELD CO S.A.,2021,267807.0
TRACK & FIELD CO S.A.,2022,328328.0
TRACK & FIELD CO S.A.,2023,413633.0
TRACK & FIELD CO S.A.,2024,472809.0
TRACK & FIELD CO S.A.,2025,565400.0
TRANSMISSORA ALIANÇA DE ENERGIA ELÉTRICA S.A.,2021,6684756.0
TRANSMISSORA ALIANÇA DE ENERGIA ELÉTRICA S.A.,2022,6570476.0
TRANSMISSORA ALIANÇA DE ENERGIA ELÉTRICA S.A.,2023,6679310.0
TRANSMISSORA ALIANÇA DE ENERGIA ELÉTRICA S.A.,2024,6939504.0
TRANSMISSORA ALIANÇA DE ENERGIA ELÉTRICA S.A.,2025,7608982.0
TREVISA INVESTIMENTOS S.A.,2021,97554.0
TREVISA INVESTIMENTOS S.A.,2022,106327.0
TREVISA INVESTIMENTOS S.A.,2023,120465.0
TREVISA INVESTIMENTOS S.A.,2024,153119.0
TREVISA INVESTIMENTOS S.A.,2025,170545.0
TRISUL S.A.,2021,1271177.0
TRISUL S.A.,2022,1308476.0
TRISUL S.A.,2023,1391058.0
TRISUL S.A.,2024,1488057.0
TRISUL S.A.,2025,1478205.0
TRÊS TENTOS AGROINDUSTRIAL S/A,2022,2818555.0
TRÊS TENTOS AGROINDUSTRIAL S/A,2023,3351891.0
TRÊS TENTOS AGROINDUSTRIAL S/A,2024,4045718.0
TRÊS TENTOS AGROINDUSTRIAL S/A,2025,4699914.0
TUPI ENERGIAS RENOVÁVEIS S.A.,2025,155443.0
TUPY S.A.,2021,2753214.0
TUPY S.A.,2022,3034360.0
TUPY S.A.,2023,3327842.0
TUPY S.A.,2024,3499347.0
TUPY S.A.,2025,2513376.0
TURBI COMPARTILHAMENTO DE VEÍCULOS S.A.,2024,76320.0
TURBI COMPARTILHAMENTO DE VEÍCULOS S.A.,2025,41482.0
ULTRAPAR PARTICIPACOES S.A.,2021,10469240.0
ULTRAPAR PARTICIPACOES S.A.,2022,12174968.0
ULTRAPAR PARTICIPACOES S.A.,2023,14029826.0
ULTRAPAR PARTICIPACOES S.A.,2024,15823444.0
ULTRAPAR PARTICIPACOES S.A.,2025,17730617.0
UNICASA INDÚSTRIA DE MÓVEIS S.A.,2021,167781.0
UNICASA INDÚSTRIA DE MÓVEIS S.A.,2022,188732.0
UNICASA INDÚSTRIA DE MÓVEIS S.A.,2023,189995.0
UNICASA INDÚSTRIA DE MÓVEIS S.A.,2024,192382.0
UNICASA INDÚSTRIA DE MÓVEIS S.A.,2025,180413.0
UNIDAS LOCADORA S.A.,2023,1782872.0
UNIDAS LOCADORA S.A.,2024,2134055.0
UNIDAS LOCADORA S.A.,2025,2138579.0
UNIDAS LOCAÇÕES E SERVIÇOS S.A.,2021,624450.0
UNIDAS LOCAÇÕES E SERVIÇOS S.A.,2022,1002276.0
UNIDAS LOCAÇÕES E SERVIÇOS S.A.,2023,2322407.0
UNIDAS LOCAÇÕES E SERVIÇOS S.A.,2024,2377704.0
UNIDAS LOCAÇÕES E SERVIÇOS S.A.,2025,2383879.0
UNIFIQUE TELECOMUNICAÇÕES S.A.,2021,959014.0
UNIFIQUE TELECOMUNICAÇÕES S.A.,2022,997274.0
UNIFIQUE TELECOMUNICAÇÕES S.A.,2023,1097381.0
UNIFIQUE TELECOMUNICAÇÕES S.A.,2024,1197858.0
UNIFIQUE TELECOMUNICAÇÕES S.A.,2025,1115990.0
UNIGEL PARTICIPAÇÕES S.A.,2021,659507.0
UNIGEL PARTICIPAÇÕES S.A.,2022,911103.0
UNIGEL PARTICIPAÇÕES S.A.,2023,-1245748.0
UNIGEL PARTICIPAÇÕES S.A.,2024,-3116958.0
UNIPAR CARBOCLORO S.A.,2021,2321437.0
UNIPAR CARBOCLORO S.A.,2022,2355333.0
UNIPAR CARBOCLORO S.A.,2023,2447852.0
UNIPAR CARBOCLORO S.A.,2024,2813929.0
UNIPAR CARBOCLORO S.A.,2025,1816695.0
UNIÃO PET PARTICIPAÇÕES S.A.,2023,2654343.0
UNIÃO PET PARTICIPAÇÕES S.A.,2024,988282.0
UNIÃO PET PARTICIPAÇÕES S.A.,2025,1073007.0
UNIÃO QUÍMICA FARMACÊUTICA NACIONAL S.A.,2021,1434283.0
UNIÃO QUÍMICA FARMACÊUTICA NACIONAL S.A.,2022,1722563.0
UNIÃO QUÍMICA FARMACÊUTICA NACIONAL S.A.,2023,1589193.0
UNIÃO QUÍMICA FARMACÊUTICA NACIONAL S.A.,2024,1932336.0
UNIÃO QUÍMICA FARMACÊUTICA NACIONAL S.A.,2025,2059295.0
URBA DESENVOLVIMENTO URBANO S.A.,2021,230509.0
URBA DESENVOLVIMENTO URBANO S.A.,2022,236955.0
URBA DESENVOLVIMENTO URBANO S.A.,2023,169248.0
URBA DESENVOLVIMENTO URBANO S.A.,2024,143230.0
URBA DESENVOLVIMENTO URBANO S.A.,2025,146613.0
USINAS SID DE MINAS GERAIS S.A.-USIMINAS,2021,24358503.0
USINAS SID DE MINAS GERAIS S.A.-USIMINAS,2022,25887750.0
USINAS SID DE MINAS GERAIS S.A.-USIMINAS,2023,26549437.0
USINAS SID DE MINAS GERAIS S.A.-USIMINAS,2024,26683688.0
USINAS SID DE MINAS GERAIS S.A.-USIMINAS,2025,23701381.0
V. TAL - REDE NEUTRA DE TELECOMUNICAÇÕES S.A.,2022,24502836.0
V. TAL - REDE NEUTRA DE TELECOMUNICAÇÕES S.A.,2023,24892288.0
V. TAL - REDE NEUTRA DE TELECOMUNICAÇÕES S.A.,2024,25872676.0
V. TAL - REDE NEUTRA DE TELECOMUNICAÇÕES S.A.,2025,16459637.0
VALE S.A.,2021,197058000.0
VALE S.A.,2022,194894000.0
VALE S.A.,2023,198325000.0
VALE S.A.,2024,213720000.0
VALE S.A.,2025,188926000.0
VALID SOLUÇÕES S.A.,2021,1306526.0
VALID SOLUÇÕES S.A.,2022,1272675.0
VALID SOLUÇÕES S.A.,2023,1331269.0
VALID SOLUÇÕES S.A.,2024,1822097.0
VALID SOLUÇÕES S.A.,2025,1720894.0
"VAMOS LOCAÇÃO DE CAMINHÕES, MÁQUINAS E EQUIPAMENTOS S.A.",2021,2640186.0
"VAMOS LOCAÇÃO DE CAMINHÕES, MÁQUINAS E EQUIPAMENTOS S.A.",2022,3638888.0
"VAMOS LOCAÇÃO DE CAMINHÕES, MÁQUINAS E EQUIPAMENTOS S.A.",2023,4735295.0
"VAMOS LOCAÇÃO DE CAMINHÕES, MÁQUINAS E EQUIPAMENTOS S.A.",2024,2442373.0
"VAMOS LOCAÇÃO DE CAMINHÕES, MÁQUINAS E EQUIPAMENTOS S.A.",2025,2562076.0
VERO S.A.,2021,765427.0
VERO S.A.,2022,820773.0
VERO S.A.,2023,3134118.0
VERO S.A.,2024,3069992.0
VESTE S.A. ESTILO,2021,-527724.0
VESTE S.A. ESTILO,2022,935229.0
VESTE S.A. ESTILO,2023,1032693.0
VESTE S.A. ESTILO,2024,1043284.0
VESTE S.A. ESTILO,2025,1065477.0
VIBRA ENERGIA S/A,2021,12308000.0
VIBRA ENERGIA S/A,2022,12613000.0
VIBRA ENERGIA S/A,2023,15731000.0
VIBRA ENERGIA S/A,2024,20385000.0
VIBRA ENERGIA S/A,2025,20741000.0
VIRGO COMPANHIA DE SECURITIZAÇÃO,2021,13007.0
VIRGO COMPANHIA DE SECURITIZAÇÃO,2022,28828.0
VIRGO COMPANHIA DE SECURITIZAÇÃO,2023,48357.0
VIRGO COMPANHIA DE SECURITIZAÇÃO,2024,56468.0
VIRGO II COMPANHIA DE SECURITIZACAO,2021,32286.0
VITAL ENGENHARIA AMBIENTAL S.A.,2023,2167280.0
VITAL ENGENHARIA AMBIENTAL S.A.,2024,979248.0
VITAL ENGENHARIA AMBIENTAL S.A.,2025,797355.0
VITRU EDUCAÇÃO S.A.,2021,847819.0
VITRU EDUCAÇÃO S.A.,2022,2177722.0
VITRU EDUCAÇÃO S.A.,2023,2250233.0
VITRU EDUCAÇÃO S.A.,2024,2558217.0
VITRU EDUCAÇÃO S.A.,2025,2925765.0
VITTIA S.A.,2021,485850.0
VITTIA S.A.,2022,580391.0
VITTIA S.A.,2023,620372.0
VITTIA S.A.,2024,634917.0
VITTIA S.A.,2025,644373.0
VIVARA PARTICIPAÇÕES S.A.,2021,1392731364.0
VIVARA PARTICIPAÇÕES S.A.,2022,1657953267.0
VIVARA PARTICIPAÇÕES S.A.,2023,1933722081.0
VIVARA PARTICIPAÇÕES S.A.,2024,2496942987.0
VIVARA PARTICIPAÇÕES S.A.,2025,2949566841.0
VIVER INCORPORADORA E CONSTRUTORA S.A.,2021,-201051.0
VIVER INCORPORADORA E CONSTRUTORA S.A.,2022,-181613.0
VIVER INCORPORADORA E CONSTRUTORA S.A.,2023,5293.0
VIVER INCORPORADORA E CONSTRUTORA S.A.,2024,147792.0
VIVER INCORPORADORA E CONSTRUTORA S.A.,2025,-40509.0
VIX LOGÍSTICA S.A.,2021,804830.0
VIX LOGÍSTICA S.A.,2022,858666.0
VIX LOGÍSTICA S.A.,2023,937100.0
VIX LOGÍSTICA S.A.,2024,1001296.0
VIX LOGÍSTICA S.A.,2025,1325825.0
VLI MULTIMODAL S.A,2025,24982530.0
VOKE S.A.,2022,86577.0
VOKE S.A.,2023,97949.0
VOKE S.A.,2024,113526.0
VOKE S.A.,2025,67168.0
VOTORANTIM CIMENTOS S.A.,2022,17405575.0
VOTORANTIM CIMENTOS S.A.,2023,17544071.0
VOTORANTIM CIMENTOS S.A.,2024,21611315.0
VOTORANTIM CIMENTOS S.A.,2025,19958000.0
VULCABRAS S.A.,2021,1356562.0
VULCABRAS S.A.,2022,1711834.0
VULCABRAS S.A.,2023,1995296.0
VULCABRAS S.A.,2024,2110339.0
VULCABRAS S.A.,2025,2427345.0
W2W E-COMMERCE DE VINHOS S.A.,2021,73335.0
W2W E-COMMERCE DE VINHOS S.A.,2022,184786.0
W2W E-COMMERCE DE VINHOS S.A.,2023,157179.0
W2W E-COMMERCE DE VINHOS S.A.,2024,118021.0
W2W E-COMMERCE DE VINHOS S.A.,2025,118837.0
WEG S.A.,2021,14010672.0
WEG S.A.,2022,15248355.0
WEG S.A.,2023,17854776.0
WEG S.A.,2024,23125217.0
WEG S.A.,2025,18553364.0
WETZEL S.A.,2021,-49675.0
WETZEL S.A.,2022,-9783.0
WETZEL S.A.,2023,-5792.0
WETZEL S.A.,2024,26192.0
WETZEL S.A.,2025,6606.0
WHIRLPOOL S.A.,2021,2110232.0
WHIRLPOOL S.A.,2022,2181353.0
WHIRLPOOL S.A.,2023,1956516.0
WHIRLPOOL S.A.,2024,2695721.0
WHIRLPOOL S.A.,2025,1833818.0
WILSON SONS S.A.,2021,2355276.0
WILSON SONS S.A.,2022,2348512.0
WILSON SONS S.A.,2023,2353856.0
WILSON SONS S.A.,2024,2849352.0
WIZ CO PARTICIPAÇÕES E CORRETAGEM DE SEGUROS S.A.,2021,808196.0
WIZ CO PARTICIPAÇÕES E CORRETAGEM DE SEGUROS S.A.,2022,904880.0
WIZ CO PARTICIPAÇÕES E CORRETAGEM DE SEGUROS S.A.,2023,1155579.0
WIZ CO PARTICIPAÇÕES E CORRETAGEM DE SEGUROS S.A.,2024,1157387.0
WIZ CO PARTICIPAÇÕES E CORRETAGEM DE SEGUROS S.A.,2025,1296137.0
WLM PART. E COMÉRCIO DE MÁQUINAS E VEÍCULOS S.A.,2021,542401.0
WLM PART. E COMÉRCIO DE MÁQUINAS E VEÍCULOS S.A.,2022,622409.0
WLM PART. E COMÉRCIO DE MÁQUINAS E VEÍCULOS S.A.,2023,702573.0
WLM PART. E COMÉRCIO DE MÁQUINAS E VEÍCULOS S.A.,2024,773549.0
WLM PART. E COMÉRCIO DE MÁQUINAS E VEÍCULOS S.A.,2025,775303.0
XP INVESTIMENTOS S.A.,2021,6705725.0
XP INVESTIMENTOS S.A.,2022,8124874.0
XP INVESTIMENTOS S.A.,2023,10559357.0
XP INVESTIMENTOS S.A.,2024,2567491.0
YBYRÁ CAPITAL S.A.,2022,-66608.0
YBYRÁ CAPITAL S.A.,2023,4685827391.0
YBYRÁ CAPITAL S.A.,2024,4662466681.0
YBYRÁ CAPITAL S.A.,2025,150675.0
YDUQS PARTICIPACOES S.A.,2021,3241584.0
YDUQS PARTICIPACOES S.A.,2022,2960059.0
YDUQS PARTICIPACOES S.A.,2023,3057085.0
YDUQS PARTICIPACOES S.A.,2024,3138960.0
YDUQS PARTICIPACOES S.A.,2025,2968042.0
YOU INC INCORPORADORA E PARTICIPAÇÃO S.A,2021,272550.0
YOU INC INCORPORADORA E PARTICIPAÇÕES S.A,2022,281155.0
YOU INC INCORPORADORA E PARTICIPAÇÕES S.A,2023,288544.0
YOU INC INCORPORADORA E PARTICIPAÇÕES S.A,2024,206896.0
YOU INC INCORPORADORA E PARTICIPAÇÕES S.A,2025,-182928.0
YUNY INCORPORADORA HOLDING S.A.,2021,130682.0
YUNY INCORPORADORA HOLDING S.A.,2022,87685.0
YUNY INCORPORADORA HOLDING S.A.,2023,102126.0
YUNY INCORPORADORA HOLDING S.A.,2024,64595.0
ZAMP SA,2021,1572720.0
ZAMP SA,2022,1485188.0
ZAMP SA,2023,1393680.0
ZAMP SA,2024,1546026.0
ZAMP SA,2025,1500615.0
