DENOM_CIA,SETOR_ATIV,ANO_ARQUIVO,VL_CONTA_LUCRO,VL_CONTA_REAIS,VL_CONTA_BI,VL_CONTA_PL,ROE,ROE_ENGANOSO
COSAN S.A.,"Agricultura (Açúcar, Álcool e Cana)",2021,14519180.0,14519180000.0,14.51918,28870022.0,0.5029154463408445,False
JBS S.A.,Alimentos,2021,25184602.0,25184602000.0,25.184602,47796720.0,0.5269106750421367,False
BCO BRADESCO S.A.,Bancos,2021,39414765.0,39414765000.0,39.414765,150228707.0,0.26236506848188473,False
BCO BRASIL S.A.,Bancos,2021,33015754.0,33015754000.0,33.015754,146110233.0,0.2259646933832485,False
BCO SANTANDER (BRASIL) S.A.,Bancos,2021,29010076.0,29010076000.0,29.010076,105974495.0,0.27374582912614964,False
AMBEV S.A.,Bebidas e Fumo,2021,49708982.0,49708982000.0,49.708982,84017617.0,0.5916495108400897,False
"B3 S.A. - BRASIL, BOLSA, BALCÃO",Bolsas de Valores/Mercadorias e Futuros,2021,17735608.0,17735608000.0,17.735608,22419370.0,0.7910841384035323,False
VIVARA PARTICIPAÇÕES S.A.,Comércio (Atacado e Varejo),2021,445162380.0,445162380000.0,445.16238,1392731364.0,0.3196326237110576,False
VIBRA ENERGIA S/A,Comércio (Atacado e Varejo),2021,12804000.0,12804000000.0,12.804,12308000.0,1.0402989925251869,False
CIA BRASILEIRA DE DISTRIBUICAO,Comércio (Atacado e Varejo),2021,6572000.0,6572000000.0,6.572,16380000.0,0.40122100122100124,False
MAGAZINE LUIZA S.A.,Comércio (Atacado e Varejo),2021,982370.0,982370000.0,0.98237,11261231.0,0.08723469041706008,False
AMERICANAS S.A. - EM RECUPERAÇÃO JUDICIAL,Comércio (Atacado e Varejo),2021,666074.0,666074000.0,0.666074,15910976.0,0.04186254821828655,False
QUALITY SOFTWARE S.A.,Emp. Adm. Part. - Comunicação e Informática,2021,20774533.0,20774533000.0,20.774533,58506511.0,0.35508070204357256,False
ATACADÃO S.A.,Emp. Adm. Part. - Comércio (Atacado e Varejo),2021,12420000.0,12420000000.0,12.42,18396000.0,0.675146771037182,False
BR MALLS PARTICIPACOES S.A.,Emp. Adm. Part. - Comércio (Atacado e Varejo),2021,-248118.0,-248118000.0,-0.248118,11239247.0,-0.02207603409730207,False
CEL PARTICIPAÇÕES S.A. - CELPAR,Emp. Adm. Part. - Educação,2021,875410.0,875410000.0,0.87541,-14142231.0,-0.06190041726796854,True
COGNA EDUCAÇÃO S.A.,Emp. Adm. Part. - Educação,2021,-6318785.0,-6318785000.0,-6.318785,13770664.0,-0.4588584108943476,False
CPFL ENERGIA S.A.,Emp. Adm. Part. - Energia Elétrica,2021,17121474.0,17121474000.0,17.121474,16805878.0,1.018778905809027,False
CENTRAIS ELET BRAS S.A. - ELETROBRAS,Emp. Adm. Part. - Energia Elétrica,2021,12100946.0,12100946000.0,12.100946,76416764.0,0.15835459873699964,False
NEOENERGIA S.A.,Emp. Adm. Part. - Energia Elétrica,2021,6971000.0,6971000000.0,6.971,24238000.0,0.28760623813846026,False
ALUPAR INVESTIMENTO S/A,Emp. Adm. Part. - Energia Elétrica,2021,4178321.0,4178321000.0,4.178321,10001723.0,0.4177601199313358,False
RIO ALTO STL HOLDING I S.A.,Emp. Adm. Part. - Energia Elétrica,2021,-337082.0,-337082000.0,-0.337082,46768918.0,-0.007207393594181503,False
ITAÚSA S.A.,Emp. Adm. Part. - Intermediação Financeira,2021,41270000.0,41270000000.0,41.27,69508000.0,0.5937446049375611,False
METALURGICA GERDAU S.A.,Emp. Adm. Part. - Metalurgia e Siderurgia,2021,35875376.0,35875376000.0,35.875376,43623062.0,0.8223947232314871,False
WEG S.A.,"Emp. Adm. Part. - Máqs., Equip., Veíc. e Peças",2021,6053437.0,6053437000.0,6.053437,14010672.0,0.43205900473581854,False
SUZANO HOLDING S.A.,Emp. Adm. Part. - Papel e Celulose,2021,-2097161.0,-2097161000.0,-2.097161,15230792.0,-0.1376921830460294,False
ULTRAPAR PARTICIPACOES S.A.,Emp. Adm. Part. - Petróleo e Gás,2021,1811575.0,1811575000.0,1.811575,10469240.0,0.17303787094383163,False
CAIXA SEGURIDADE PARTICIPAÇÕES S.A.,Emp. Adm. Part. - Seguradoras e Corretoras,2021,3665565.0,3665565000.0,3.665565,10558769.0,0.3471583666618713,False
RUMO S.A.,Emp. Adm. Part. - Serviços Transporte e Logística,2021,920832.0,920832000.0,0.920832,15018563.0,0.06131292321375886,False
AZUL S.A.,Emp. Adm. Part. - Serviços Transporte e Logística,2021,-15047917.0,-15047917000.0,-15.047917,-18333003.0,0.8208102622358159,True
GOL LINHAS AEREAS INTELIGENTES S.A.,Emp. Adm. Part. - Serviços Transporte e Logística,2021,-26158110.0,-26158110000.0,-26.15811,-21053678.0,1.2424484690988435,True
CLARO TELECOM PARTICIPAÇÕES S.A.,Emp. Adm. Part. - Telecomunicações,2021,6928027.0,6928027000.0,6.928027,13783239.0,0.5026414328301207,False
CIA PARANAENSE DE ENERGIA - COPEL,Energia Elétrica,2021,17916704.0,17916704000.0,17.916704,22175235.0,0.8079600509306891,False
ISA ENERGIA BRASIL,Energia Elétrica,2021,12840916.0,12840916000.0,12.840916,14792735.0,0.8680555691695957,False
EDP - ENERGIAS DO BRASIL S.A.,Energia Elétrica,2021,8162930.0,8162930000.0,8.16293,12294012.0,0.6639760885217942,False
EQUATORIAL S.A.,Energia Elétrica,2021,7750162.0,7750162000.0,7.750162,14604472.0,0.53067046860715,False
CIA ENERGETICA DE MINAS GERAIS - CEMIG,Energia Elétrica,2021,6617990.0,6617990000.0,6.61799,19461765.0,0.34005086383480637,False
COPEL GERAÇÃO E TRANSMISSÃO S.A.,Energia Elétrica,2021,4439441.0,4439441000.0,4.439441,12873586.0,0.34484882456216936,False
CHINA THREE GORGES BRASIL ENERGIA S.A.,Energia Elétrica,2021,3528290.0,3528290000.0,3.52829,15951041.0,0.22119496777671124,False
VALE S.A.,Extração Mineral,2021,292492000.0,292492000000.0,292.492,197058000.0,1.4842939642135817,False
CSN MINERAÇÃO S.A.,Extração Mineral,2021,10401676.0,10401676000.0,10.401676,13998289.0,0.7430676706274603,False
NATURA &CO HOLDING S.A.,Farmacêutico e Higiene,2021,475561.0,475561000.0,0.475561,28566725.0,0.016647375574203902,False
CIELO S.A. -  INSTITUIÇÃO DE PAGAMENTO,Intermediação Financeira,2021,-664377.0,-664377000.0,-0.664377,13193603.0,-0.05035599449217928,False
METISA METALURGICA TIMBOENSE S.A.,Metalurgia e Siderurgia,2021,110386998.0,110386998000.0,110.386998,315893195.0,0.3494440518099796,False
CIA SIDERURGICA NACIONAL,Metalurgia e Siderurgia,2021,35776478.0,35776478000.0,35.776478,23374389.0,1.5305845213750828,False
USINAS SID DE MINAS GERAIS S.A.-USIMINAS,Metalurgia e Siderurgia,2021,22703394.0,22703394000.0,22.703394,24358503.0,0.932052105172473,False
GERDAU S.A.,Metalurgia e Siderurgia,2021,17946992.0,17946992000.0,17.946992,42815649.0,0.4191689818832362,False
HAGA S.A. INDUSTRIA E COMERCIO,Metalurgia e Siderurgia,2021,13600093.0,13600093000.0,13.600093,-61906417.0,-0.21968793638953454,True
EMBRAER S.A.,"Máquinas, Equipamentos, Veículos e Peças",2021,-3863851.0,-3863851000.0,-3.863851,15484552.0,-0.24952940194847098,False
COBRASMA S.A.,"Máquinas, Equipamentos, Veículos e Peças",2021,-5515624.0,-5515624000.0,-5.515624,-17630108.0,0.31285253612740205,True
SUZANO S.A.,Papel e Celulose,2021,-2079403.0,-2079403000.0,-2.079403,15175130.0,-0.1370270304109421,False
PETROLEO BRASILEIRO S.A. PETROBRAS,Petróleo e Gás,2021,227020000.0,227020000000.0,227.02,389581000.0,0.5827286238291909,False
HAPVIDA PARTICIPAÇÕES E INVESTIMENTOS S.A.,Serviços Médicos,2021,2571270.0,2571270000.0,2.57127,10572994.0,0.24319223107475518,False
REDE D'OR SÃO LUIZ S.A.,Serviços Médicos,2021,2137158.0,2137158000.0,2.137158,14677939.0,0.1456034120321661,False
TELEFÔNICA BRASIL S.A,Telecomunicações,2021,10999884.0,10999884000.0,10.999884,70006196.0,0.1571272919899833,False
TIM BRASIL SERVIÇOS E PARTICIPAÇÕES S.A.,Telecomunicações,2021,4641260.0,4641260000.0,4.64126,25188425.0,0.18426162016878786,False
PETTENATI S.A. INDUSTRIA TEXTIL,Têxtil e Vestuário,2021,77577876.0,77577876000.0,77.577876,342492503.0,0.22650970552777325,False
COSAN S.A.,"Agricultura (Açúcar, Álcool e Cana)",2022,18343302.0,18343302000.0,18.343302,48169399.0,0.3808081973370687,False
RAIZEN ENERGIA S.A.,"Agricultura (Açúcar, Álcool e Cana)",2022,1751984.0,1751984000.0,1.751984,13595854.0,0.12886163679015677,False
JBS S.A.,Alimentos,2022,36730907.0,36730907000.0,36.730907,49808931.0,0.7374361638076513,False
MARFRIG GLOBAL FOODS S.A.,Alimentos,2022,9409354.0,9409354000.0,9.409354,26449609.0,0.3557464308829669,False
BCO BRASIL S.A.,Bancos,2022,49572206.0,49572206000.0,49.572206,163077123.0,0.30398013582812594,False
BCO BRADESCO S.A.,Bancos,2022,44598000.0,44598000000.0,44.598,158741264.0,0.28094774399679723,False
BCO SANTANDER (BRASIL) S.A.,Bancos,2022,29898798.0,29898798000.0,29.898798,110680176.0,0.270136885217819,False
AMBEV S.A.,Bebidas e Fumo,2022,56027746.0,56027746000.0,56.027746,83327827.0,0.6723773800077614,False
"B3 S.A. - BRASIL, BOLSA, BALCÃO",Bolsas de Valores/Mercadorias e Futuros,2022,17887374.0,17887374000.0,17.887374,20283143.0,0.8818837396156995,False
VIVARA PARTICIPAÇÕES S.A.,Comércio (Atacado e Varejo),2022,659344688.0,659344688000.0,659.344688,1657953267.0,0.3976859306734609,False
VIBRA ENERGIA S/A,Comércio (Atacado e Varejo),2022,8068000.0,8068000000.0,8.068,12613000.0,0.6396574962340442,False
RAÍZEN S.A.,Comércio (Atacado e Varejo),2022,4288907.0,4288907000.0,4.288907,22258908.0,0.192682722800238,False
LOJAS RENNER S.A.,Comércio (Atacado e Varejo),2022,3849632.0,3849632000.0,3.849632,10087515.0,0.38162342261696763,False
CIA BRASILEIRA DE DISTRIBUICAO,Comércio (Atacado e Varejo),2022,1912000.0,1912000000.0,1.912,13733000.0,0.1392266802592296,False
MAGAZINE LUIZA S.A.,Comércio (Atacado e Varejo),2022,91686.0,91686000.0,0.091686,10648701.0,0.008610064269810938,False
AMERICANAS S.A. - EM RECUPERAÇÃO JUDICIAL,Comércio (Atacado e Varejo),2022,-38297800.0,-38297800000.0,-38.2978,-26666621.0,1.4361699594410555,True
VOTORANTIM CIMENTOS S.A.,"Construção Civil, Mat. Constr. e Decoração",2022,2772166.0,2772166000.0,2.772166,17405575.0,0.15926885495020993,False
INSPIRALI EDUCAÇÃO S.A.,Educação,2022,1429317.0,1429317000.0,1.429317,10527096.0,0.1357750513531937,False
BRF S.A.,Emp. Adm. Part. - Alimentos,2022,-2704242.0,-2704242000.0,-2.704242,11822869.0,-0.22872976094042824,False
QUALITY SOFTWARE S.A.,Emp. Adm. Part. - Comunicação e Informática,2022,23355367.0,23355367000.0,23.355367,67949095.0,0.34371858815779666,False
ATACADÃO S.A.,Emp. Adm. Part. - Comércio (Atacado e Varejo),2022,10728000.0,10728000000.0,10.728,21772000.0,0.4927429726253904,False
BR MALLS PARTICIPACOES S.A.,Emp. Adm. Part. - Comércio (Atacado e Varejo),2022,1681068.0,1681068000.0,1.681068,11265549.0,0.14922202193608142,False
CEL PARTICIPAÇÕES S.A. - CELPAR,Emp. Adm. Part. - Educação,2022,1069714.0,1069714000.0,1.069714,-14001296.0,-0.07640107030092072,True
COGNA EDUCAÇÃO S.A.,Emp. Adm. Part. - Educação,2022,-1053983.0,-1053983000.0,-1.053983,13241388.0,-0.07959762224322707,False
CPFL ENERGIA S.A.,Emp. Adm. Part. - Energia Elétrica,2022,20145128.0,20145128000.0,20.145128,17539944.0,1.1485286384038627,False
AXIA ENERGIA S.A.,Emp. Adm. Part. - Energia Elétrica,2022,9352015.0,9352015000.0,9.352015,111028636.0,0.08423065739544887,False
NEOENERGIA S.A.,Emp. Adm. Part. - Energia Elétrica,2022,8853000.0,8853000000.0,8.853,26937000.0,0.3286557523109478,False
ENERGISA S.A.,Emp. Adm. Part. - Energia Elétrica,2022,5242827.0,5242827000.0,5.242827,12483752.0,0.4199720564778922,False
ALUPAR INVESTIMENTO S/A,Emp. Adm. Part. - Energia Elétrica,2022,3786689.0,3786689000.0,3.786689,10371619.0,0.3651010512437836,False
ITAÚSA S.A.,Emp. Adm. Part. - Intermediação Financeira,2022,54890000.0,54890000000.0,54.89,76535000.0,0.7171882145423663,False
METALURGICA GERDAU S.A.,Emp. Adm. Part. - Metalurgia e Siderurgia,2022,54032764.0,54032764000.0,54.032764,47289112.0,1.1426047501166865,False
WEG S.A.,"Emp. Adm. Part. - Máqs., Equip., Veíc. e Peças",2022,7930352.0,7930352000.0,7.930352,15248355.0,0.520079182311797,False
SUZANO HOLDING S.A.,Emp. Adm. Part. - Papel e Celulose,2022,32026989.0,32026989000.0,32.026989,33239904.0,0.9635102736758806,False
ULTRAPAR PARTICIPACOES S.A.,Emp. Adm. Part. - Petróleo e Gás,2022,2723947.0,2723947000.0,2.723947,12174968.0,0.2237334011884056,False
CAIXA SEGURIDADE PARTICIPAÇÕES S.A.,Emp. Adm. Part. - Seguradoras e Corretoras,2022,4848992.0,4848992000.0,4.848992,10889112.0,0.4453064675980925,False
MOTIVA INFRAESTRUTURA DE MOBILIDADE S.A.,Emp. Adm. Part. - Serviços Transporte e Logística,2022,5017776.0,5017776000.0,5.017776,11822750.0,0.42441699266245164,False
RUMO S.A.,Emp. Adm. Part. - Serviços Transporte e Logística,2022,1339524.0,1339524000.0,1.339524,15410450.0,0.08692309439373931,False
AZUL S.A.,Emp. Adm. Part. - Serviços Transporte e Logística,2022,-4935575.0,-4935575000.0,-4.935575,-19007500.0,0.25966460607654873,True
GOL LINHAS AEREAS INTELIGENTES S.A.,Emp. Adm. Part. - Serviços Transporte e Logística,2022,-17490554.0,-17490554000.0,-17.490554,-21358815.0,0.8188915911299386,True
CLARO TELECOM PARTICIPAÇÕES S.A.,Emp. Adm. Part. - Telecomunicações,2022,6038211.0,6038211000.0,6.038211,16468750.0,0.3666465882352941,False
CIA PARANAENSE DE ENERGIA - COPEL,Energia Elétrica,2022,12395846.0,12395846000.0,12.395846,21131225.0,0.5866127496157937,False
ISA ENERGIA BRASIL,Energia Elétrica,2022,10715198.0,10715198000.0,10.715198,16536481.0,0.6479732900851154,False
CIA ENERGETICA DE MINAS GERAIS - CEMIG,Energia Elétrica,2022,7847236.0,7847236000.0,7.847236,21783266.0,0.36024148077703316,False
EDP - ENERGIAS DO BRASIL S.A.,Energia Elétrica,2022,7160544.0,7160544000.0,7.160544,11895759.0,0.6019409102016946,False
EQUATORIAL S.A.,Energia Elétrica,2022,6224512.0,6224512000.0,6.224512,18566980.0,0.33524633516059155,False
COPEL GERAÇÃO E TRANSMISSÃO S.A.,Energia Elétrica,2022,4419558.0,4419558000.0,4.419558,12896797.0,0.34268648254291356,False
AUREN ENERGIA S.A.,Energia Elétrica,2022,4416572.0,4416572000.0,4.416572,15253078.0,0.2895528364832331,False
CHINA THREE GORGES BRASIL ENERGIA S.A.,Energia Elétrica,2022,4024290.0,4024290000.0,4.02429,16462548.0,0.24445122346795892,False
ENEVA S.A,Energia Elétrica,2022,1549066.0,1549066000.0,1.549066,13736018.0,0.11277402228214901,False
CESP - CIA ENERGETICA DE SAO PAULO,Energia Elétrica,2022,881654.0,881654000.0,0.881654,10141330.0,0.08693672328974603,False
VALE S.A.,Extração Mineral,2022,435360000.0,435360000000.0,435.36,194894000.0,2.233829671513746,False
CSN MINERAÇÃO S.A.,Extração Mineral,2022,9321264.0,9321264000.0,9.321264,11393427.0,0.8181264513302275,False
HYPERA S.A.,Farmacêutico e Higiene,2022,3028704.0,3028704000.0,3.028704,10655441.0,0.284240136095728,False
NATURA &CO HOLDING S.A.,Farmacêutico e Higiene,2022,-1817937.0,-1817937000.0,-1.817937,22351184.0,-0.0813351543256053,False
CIELO S.A. -  INSTITUIÇÃO DE PAGAMENTO,Intermediação Financeira,2022,1397641.0,1397641000.0,1.397641,13816772.0,0.10115539288047888,False
METISA METALURGICA TIMBOENSE S.A.,Metalurgia e Siderurgia,2022,144954809.0,144954809000.0,144.954809,383231845.0,0.37824312068846994,False
CIA SIDERURGICA NACIONAL,Metalurgia e Siderurgia,2022,31526638.0,31526638000.0,31.526638,21816044.0,1.4451125052736418,False
GERDAU S.A.,Metalurgia e Siderurgia,2022,27038490.0,27038490000.0,27.03849,46298193.0,0.5840074579152582,False
USINAS SID DE MINAS GERAIS S.A.-USIMINAS,Metalurgia e Siderurgia,2022,24305686.0,24305686000.0,24.305686,25887750.0,0.9388875433361339,False
HAGA S.A. INDUSTRIA E COMERCIO,Metalurgia e Siderurgia,2022,13567976.0,13567976000.0,13.567976,-56360572.0,-0.2407352430702797,True
EMBRAER S.A.,"Máquinas, Equipamentos, Veículos e Peças",2022,-1314831.0,-1314831000.0,-1.314831,14736781.0,-0.08922104494868995,False
COBRASMA S.A.,"Máquinas, Equipamentos, Veículos e Peças",2022,-5751426.0,-5751426000.0,-5.751426,-20404295.0,0.281873301674966,True
SUZANO S.A.,Papel e Celulose,2022,32030419.0,32030419000.0,32.030419,33166365.0,0.9657500603397448,False
KLABIN S.A.,Papel e Celulose,2022,8093777.0,8093777000.0,8.093777,11568266.0,0.6996534312056794,False
PETROLEO BRASILEIRO S.A. PETROBRAS,Petróleo e Gás,2022,592538000.0,592538000000.0,592.538,364385000.0,1.6261317013598255,False
PORTO SEGURO S.A.,Seguradoras e Corretoras,2022,2696553.0,2696553000.0,2.696553,10641057.0,0.25341025802229983,False
REDE D'OR SÃO LUIZ S.A.,Serviços Médicos,2022,2940052.0,2940052000.0,2.940052,23076970.0,0.12740199428261162,False
HAPVIDA PARTICIPAÇÕES E INVESTIMENTOS S.A.,Serviços Médicos,2022,-551008.0,-551008000.0,-0.551008,48756711.0,-0.011301172468339794,False
LOCALIZA RENT A CAR S.A.,Serviços Transporte e Logística,2022,7769768.0,7769768000.0,7.769768,20570605.0,0.377712177157648,False
TELEFÔNICA BRASIL S.A,Telecomunicações,2022,10287259.0,10287259000.0,10.287259,68455847.0,0.1502758266945408,False
TIM BRASIL SERVIÇOS E PARTICIPAÇÕES S.A.,Telecomunicações,2022,4477609.0,4477609000.0,4.477609,25480494.0,0.17572693056892852,False
TIM S.A.,Telecomunicações,2022,1670755.0,1670755000.0,1.670755,25397365.0,0.06578458040824314,False
V. TAL - REDE NEUTRA DE TELECOMUNICAÇÕES S.A.,Telecomunicações,2022,-443340.0,-443340000.0,-0.44334,24502836.0,-0.018093415798889564,False
OI S.A. - EM RECUPERAÇÃO JUDICIAL,Telecomunicações,2022,-29673719.0,-29673719000.0,-29.673719,-21846002.0,1.3583134799676388,True
PETTENATI S.A. INDUSTRIA TEXTIL,Têxtil e Vestuário,2022,155696795.0,155696795000.0,155.696795,414166221.0,0.37592827977151716,False
COSAN S.A.,"Agricultura (Açúcar, Álcool e Cana)",2023,15411238.0,15411238000.0,15.411238,50981180.0,0.3022926891845187,False
RAIZEN ENERGIA S.A.,"Agricultura (Açúcar, Álcool e Cana)",2023,1802831.0,1802831000.0,1.802831,22172246.0,0.08131025607419294,False
JBS S.A.,Alimentos,2023,15472109.0,15472109000.0,15.472109,46998306.0,0.32920567392365163,False
MARFRIG GLOBAL FOODS S.A.,Alimentos,2023,-858271.0,-858271000.0,-0.858271,24889835.0,-0.03448279187065724,False
BCO BRASIL S.A.,Bancos,2023,63166770.0,63166770000.0,63.16677,173570326.0,0.36392608953214733,False
BCO BRADESCO S.A.,Bancos,2023,35959535.0,35959535000.0,35.959535,167014124.0,0.21530834721499362,False
BCO SANTANDER (BRASIL) S.A.,Bancos,2023,23838287.0,23838287000.0,23.838287,114856354.0,0.2075487003531385,False
AMBEV S.A.,Bebidas e Fumo,2023,59703500.0,59703500000.0,59.7035,80143802.0,0.7449546753471965,False
"B3 S.A. - BRASIL, BOLSA, BALCÃO",Bolsas de Valores/Mercadorias e Futuros,2023,16718220.0,16718220000.0,16.71822,20286099.0,0.8241219763346319,False
VIVARA PARTICIPAÇÕES S.A.,Comércio (Atacado e Varejo),2023,730098970.0,730098970000.0,730.09897,1933722081.0,0.37756147958058095,False
VIBRA ENERGIA S/A,Comércio (Atacado e Varejo),2023,12606000.0,12606000000.0,12.606,15731000.0,0.8013476574915771,False
RAÍZEN S.A.,Comércio (Atacado e Varejo),2023,5752889.0,5752889000.0,5.752889,22904161.0,0.2511722215015865,False
LOJAS RENNER S.A.,Comércio (Atacado e Varejo),2023,4535926.0,4535926000.0,4.535926,10047221.0,0.4514607571586213,False
AMERICANAS S.A. - EM RECUPERAÇÃO JUDICIAL,Comércio (Atacado e Varejo),2023,-30984000.0,-30984000000.0,-30.984,-28850000.0,1.0739688041594455,True
VOTORANTIM CIMENTOS S.A.,"Construção Civil, Mat. Constr. e Decoração",2023,3763334.0,3763334000.0,3.763334,17544071.0,0.21450745382870373,False
BRF S.A.,Emp. Adm. Part. - Alimentos,2023,-5010478.0,-5010478000.0,-5.010478,15643656.0,-0.32028817304599383,False
QUALITY SOFTWARE S.A.,Emp. Adm. Part. - Comunicação e Informática,2023,32417387.0,32417387000.0,32.417387,82523862.0,0.39282440513993394,False
BR MALLS PARTICIPACOES S.A.,Emp. Adm. Part. - Comércio (Atacado e Varejo),2023,7901460.0,7901460000.0,7.90146,13132195.0,0.6016861613766777,False
ALLOS S.A.,Emp. Adm. Part. - Comércio (Atacado e Varejo),2023,7432108.0,7432108000.0,7.432108,15104732.0,0.4920383890293452,False
ATACADÃO S.A.,Emp. Adm. Part. - Comércio (Atacado e Varejo),2023,2718000.0,2718000000.0,2.718,20827000.0,0.13050367311662744,False
CEL PARTICIPAÇÕES S.A. - CELPAR,Emp. Adm. Part. - Educação,2023,255987.0,255987000.0,0.255987,-13876509.0,-0.018447507222457752,True
COGNA EDUCAÇÃO S.A.,Emp. Adm. Part. - Educação,2023,-1052351.0,-1052351000.0,-1.052351,12706279.0,-0.0828213358135769,False
CPFL ENERGIA S.A.,Emp. Adm. Part. - Energia Elétrica,2023,21511948.0,21511948000.0,21.511948,19998753.0,1.07566446767956,False
NEOENERGIA S.A.,Emp. Adm. Part. - Energia Elétrica,2023,9314000.0,9314000000.0,9.314,30076000.0,0.3096821385822583,False
AXIA ENERGIA S.A.,Emp. Adm. Part. - Energia Elétrica,2023,8033243.0,8033243000.0,8.033243,112464644.0,0.0714290528497116,False
ENERGISA S.A.,Emp. Adm. Part. - Energia Elétrica,2023,5011554.0,5011554000.0,5.011554,15715696.0,0.3188884539380248,False
ALUPAR INVESTIMENTO S/A,Emp. Adm. Part. - Energia Elétrica,2023,2814859.0,2814859000.0,2.814859,10628790.0,0.26483343823709,False
ITAÚSA S.A.,Emp. Adm. Part. - Intermediação Financeira,2023,56264000.0,56264000000.0,56.264,87050000.0,0.6463411832280299,False
METALURGICA GERDAU S.A.,Emp. Adm. Part. - Metalurgia e Siderurgia,2023,38094756.0,38094756000.0,38.094756,49573439.0,0.7684509440630092,False
WEG S.A.,"Emp. Adm. Part. - Máqs., Equip., Veíc. e Peças",2023,10140487.0,10140487000.0,10.140487,17854776.0,0.5679425493772646,False
SUZANO HOLDING S.A.,Emp. Adm. Part. - Papel e Celulose,2023,37460954.0,37460954000.0,37.460954,44861712.0,0.835031752689242,False
ULTRAPAR PARTICIPACOES S.A.,Emp. Adm. Part. - Petróleo e Gás,2023,4357822.0,4357822000.0,4.357822,14029826.0,0.31061126488667784,False
CAIXA SEGURIDADE PARTICIPAÇÕES S.A.,Emp. Adm. Part. - Seguradoras e Corretoras,2023,6591207.0,6591207000.0,6.591207,12585880.0,0.5236985415402022,False
YBYRÁ CAPITAL S.A.,Emp. Adm. Part. - Sem Setor Principal,2023,17724314.0,17724314000.0,17.724314,4685827391.0,0.0037825366837120015,False
XP INVESTIMENTOS S.A.,Emp. Adm. Part. - Sem Setor Principal,2023,732072.0,732072000.0,0.732072,10559357.0,0.06932922146679954,False
MOTIVA INFRAESTRUTURA DE MOBILIDADE S.A.,Emp. Adm. Part. - Serviços Transporte e Logística,2023,6066681.0,6066681000.0,6.066681,13077229.0,0.46391181189837694,False
RUMO S.A.,Emp. Adm. Part. - Serviços Transporte e Logística,2023,2471876.0,2471876000.0,2.471876,15871055.0,0.15574742825854992,False
AZUL S.A.,Emp. Adm. Part. - Serviços Transporte e Logística,2023,-3102823.0,-3102823000.0,-3.102823,-21327848.0,0.1454822352447373,True
GOL LINHAS AEREAS INTELIGENTES S.A.,Emp. Adm. Part. - Serviços Transporte e Logística,2023,-5567464.0,-5567464000.0,-5.567464,-23167114.0,0.2403175466741347,True
CLARO TELECOM PARTICIPAÇÕES S.A.,Emp. Adm. Part. - Telecomunicações,2023,5564145.0,5564145000.0,5.564145,18997830.0,0.29288318718506273,False
ISA ENERGIA BRASIL,Energia Elétrica,2023,10424306.0,10424306000.0,10.424306,17791712.0,0.5859079778269792,False
CIA ENERGETICA DE MINAS GERAIS - CEMIG,Energia Elétrica,2023,9861202.0,9861202000.0,9.861202,24655193.0,0.3999645024072616,False
CIA PARANAENSE DE ENERGIA - COPEL,Energia Elétrica,2023,6952978.0,6952978000.0,6.952978,24191667.0,0.2874121076484725,False
EDP - ENERGIAS DO BRASIL S.A.,Energia Elétrica,2023,5195668.0,5195668000.0,5.195668,12064034.0,0.43067418410790287,False
CHINA THREE GORGES BRASIL ENERGIA S.A.,Energia Elétrica,2023,4935706.0,4935706000.0,4.935706,18281827.0,0.26997881557461406,False
EQUATORIAL S.A.,Energia Elétrica,2023,4798287.0,4798287000.0,4.798287,25283659.0,0.18977818835477886,False
AUREN ENERGIA S.A.,Energia Elétrica,2023,4721850.0,4721850000.0,4.72185,12368953.0,0.38175017723812193,False
CEMIG GERACAO E TRANSMISSAO S.A.,Energia Elétrica,2023,4488122.0,4488122000.0,4.488122,10046646.0,0.4467283907485145,False
COPEL GERAÇÃO E TRANSMISSÃO S.A.,Energia Elétrica,2023,3299980.0,3299980000.0,3.29998,12874366.0,0.25632174819327025,False
AXIA ENERGIA NORTE S.A.,Energia Elétrica,2023,1289094.0,1289094000.0,1.289094,60141282.0,0.02143442835156058,False
ENEVA S.A,Energia Elétrica,2023,679206.0,679206000.0,0.679206,14937636.0,0.04546944375937397,False
AXIA ENERGIA SUL S.A.,Energia Elétrica,2023,-500400.0,-500400000.0,-0.5004,16163302.0,-0.03095902062585974,False
VALE S.A.,Extração Mineral,2023,273782000.0,273782000000.0,273.782,198325000.0,1.380471448380184,False
CSN MINERAÇÃO S.A.,Extração Mineral,2023,6519035.0,6519035000.0,6.519035,10698697.0,0.6093298090412318,False
HYPERA S.A.,Farmacêutico e Higiene,2023,3348949.0,3348949000.0,3.348949,11517873.0,0.2907610632622881,False
NATURA &CO HOLDING S.A.,Farmacêutico e Higiene,2023,115884.0,115884000.0,0.115884,23120465.0,0.0050121829297118375,False
CIELO S.A. -  INSTITUIÇÃO DE PAGAMENTO,Intermediação Financeira,2023,4183146.0,4183146000.0,4.183146,14984852.0,0.2791583126746931,False
METISA METALURGICA TIMBOENSE S.A.,Metalurgia e Siderurgia,2023,180391620.0,180391620000.0,180.39162,444004108.0,0.4062836733934002,False
GERDAU S.A.,Metalurgia e Siderurgia,2023,19016535.0,19016535000.0,19.016535,49238863.0,0.3862098724741065,False
HAGA S.A. INDUSTRIA E COMERCIO,Metalurgia e Siderurgia,2023,8030209.0,8030209000.0,8.030209,-53876208.0,-0.14904926122491768,True
USINAS SID DE MINAS GERAIS S.A.-USIMINAS,Metalurgia e Siderurgia,2023,7466514.0,7466514000.0,7.466514,26549437.0,0.2812305963399525,False
CIA SIDERURGICA NACIONAL,Metalurgia e Siderurgia,2023,5140694.0,5140694000.0,5.140694,19684838.0,0.26114992665928977,False
EMBRAER S.A.,"Máquinas, Equipamentos, Veículos e Peças",2023,-262858.0,-262858000.0,-0.262858,14714230.0,-0.017864203563489223,False
COBRASMA S.A.,"Máquinas, Equipamentos, Veículos e Peças",2023,-5501079.0,-5501079000.0,-5.501079,-23131189.0,0.23782084872506987,True
SUZANO S.A.,Papel e Celulose,2023,37501268.0,37501268000.0,37.501268,44810300.0,0.8368894651452903,False
KLABIN S.A.,Papel e Celulose,2023,7536291.0,7536291000.0,7.536291,13732531.0,0.5487911150537362,False
ELDORADO BRASIL CELULOSE S.A.,Papel e Celulose,2023,5881463.0,5881463000.0,5.881463,10289129.0,0.5716191331647217,False
PETROLEO BRASILEIRO S.A. PETROBRAS,Petróleo e Gás,2023,628342000.0,628342000000.0,628.342,382340000.0,1.6434116231626301,False
PRIO S.A.,Petróleo e Gás,2023,8581951.0,8581951000.0,8.581951,13878280.0,0.6183728098871042,False
CIA SANEAMENTO BASICO EST SAO PAULO,"Saneamento, Serv. Água e Gás",2023,7047062.0,7047062000.0,7.047062,29857376.0,0.23602415697883164,False
AEGEA SANEAMENTO E PARTICIPAÇÕES S.A.,"Saneamento, Serv. Água e Gás",2023,2014694.0,2014694000.0,2.014694,10956308.0,0.18388438879228294,False
EQUIPAV SANEAMENTO S.A.,"Saneamento, Serv. Água e Gás",2023,1735140.0,1735140000.0,1.73514,10058481.0,0.17250517250069866,False
PORTO SEGURO S.A.,Seguradoras e Corretoras,2023,3472271.0,3472271000.0,3.472271,12497798.0,0.2778306226424847,False
REDE D'OR SÃO LUIZ S.A.,Serviços Médicos,2023,3376018.0,3376018000.0,3.376018,23835646.0,0.1416373611187211,False
HAPVIDA PARTICIPAÇÕES E INVESTIMENTOS S.A.,Serviços Médicos,2023,-4951058.0,-4951058000.0,-4.951058,49255143.0,-0.10051859965161404,False
LOCALIZA RENT A CAR S.A.,Serviços Transporte e Logística,2023,7288594.0,7288594000.0,7.288594,25397815.0,0.28697720650378783,False
COMPANHIA DE LOCAÇÃO DAS AMÉRICAS,Serviços Transporte e Logística,2023,1024779.0,1024779000.0,1.024779,14894287.0,0.0688034949239262,False
TELEFÔNICA BRASIL S.A,Telecomunicações,2023,9097879.0,9097879000.0,9.097879,69627320.0,0.13066536238936097,False
TIM S.A.,Telecomunicações,2023,4508177.0,4508177000.0,4.508177,26015940.0,0.17328518592831932,False
TIM BRASIL SERVIÇOS E PARTICIPAÇÕES S.A.,Telecomunicações,2023,4006600.0,4006600000.0,4.0066,21409100.0,0.1871447188345143,False
V. TAL - REDE NEUTRA DE TELECOMUNICAÇÕES S.A.,Telecomunicações,2023,-57718.0,-57718000.0,-0.057718,24892288.0,-0.0023187101161612784,False
OI S.A. - EM RECUPERAÇÃO JUDICIAL,Telecomunicações,2023,-24693690.0,-24693690000.0,-24.69369,-27283395.0,0.9050812774583222,True
PETTENATI S.A. INDUSTRIA TEXTIL,Têxtil e Vestuário,2023,150744553.0,150744553000.0,150.744553,430112349.0,0.35047715637664706,False
ENGELHART CTP (BRASIL) S.A.,"Agricultura (Açúcar, Álcool e Cana)",2024,428848.0,428848000.0,0.428848,11347929.0,0.0377908603411248,False
RAIZEN ENERGIA S.A.,"Agricultura (Açúcar, Álcool e Cana)",2024,-668519.0,-668519000.0,-0.668519,20006611.0,-0.03341490470325034,False
COSAN S.A.,"Agricultura (Açúcar, Álcool e Cana)",2024,-6554044.0,-6554044000.0,-6.554044,39398362.0,-0.1663532103187437,False
JBS S.A.,Alimentos,2024,9974849.0,9974849000.0,9.974849,50370426.0,0.19802987173465636,False
MARFRIG GLOBAL FOODS S.A.,Alimentos,2024,259624.0,259624000.0,0.259624,19938112.0,0.013021493710136648,False
BCO BRASIL S.A.,Bancos,2024,62337155.0,62337155000.0,62.337155,184236344.0,0.338354277156086,False
BCO BRADESCO S.A.,Bancos,2024,32044918.0,32044918000.0,32.044918,168942492.0,0.1896794442927952,False
BCO SANTANDER (BRASIL) S.A.,Bancos,2024,22912575.0,22912575000.0,22.912575,119827132.0,0.19121358091087418,False
BANCO DO ESTADO DO RIO GRANDE DO SUL SA,Bancos,2024,1740232.0,1740232000.0,1.740232,10418753.0,0.16702881813207396,False
AMBEV S.A.,Bebidas e Fumo,2024,59614822.0,59614822000.0,59.614822,99580514.0,0.598659512844049,False
"B3 S.A. - BRASIL, BOLSA, BALCÃO",Bolsas de Valores/Mercadorias e Futuros,2024,17418406.0,17418406000.0,17.418406,18383454.0,0.9475045331524751,False
VIVARA PARTICIPAÇÕES S.A.,Comércio (Atacado e Varejo),2024,1022638499.0,1022638499000.0,1022.638499,2496942987.0,0.4095562070596849,False
VIBRA ENERGIA S/A,Comércio (Atacado e Varejo),2024,22266000.0,22266000000.0,22.266,20385000.0,1.0922737306843266,False
LOJAS RENNER S.A.,Comércio (Atacado e Varejo),2024,4345854.0,4345854000.0,4.345854,10772951.0,0.40340422972312784,False
RAÍZEN S.A.,Comércio (Atacado e Varejo),2024,3117459.0,3117459000.0,3.117459,22125564.0,0.140898509976966,False
MAGAZINE LUIZA S.A.,Comércio (Atacado e Varejo),2024,-530387.0,-530387000.0,-0.530387,11319262.0,-0.04685703007846271,False
VOTORANTIM CIMENTOS S.A.,"Construção Civil, Mat. Constr. e Decoração",2024,3691576.0,3691576000.0,3.691576,21611315.0,0.17081681517297767,False
BRF S.A.,Emp. Adm. Part. - Alimentos,2024,1823052.0,1823052000.0,1.823052,16499204.0,0.1104933304661243,False
QUALITY SOFTWARE S.A.,Emp. Adm. Part. - Comunicação e Informática,2024,45514461.0,45514461000.0,45.514461,104149402.0,0.4370112561952108,False
ALLOS S.A.,Emp. Adm. Part. - Comércio (Atacado e Varejo),2024,8611776.0,8611776000.0,8.611776,14134520.0,0.6092726176764404,False
BR MALLS PARTICIPACOES S.A.,Emp. Adm. Part. - Comércio (Atacado e Varejo),2024,6326462.0,6326462000.0,6.326462,12331330.0,0.5130397126668413,False
ATACADÃO S.A.,Emp. Adm. Part. - Comércio (Atacado e Varejo),2024,2602000.0,2602000000.0,2.602,22614000.0,0.11506146634827982,False
COGNA EDUCAÇÃO S.A.,Emp. Adm. Part. - Educação,2024,480278.0,480278000.0,0.480278,13545135.0,0.03545760156690945,False
CEL PARTICIPAÇÕES S.A. - CELPAR,Emp. Adm. Part. - Educação,2024,273264.0,273264000.0,0.273264,-13719302.0,-0.019918214498084525,True
CPFL ENERGIA S.A.,Emp. Adm. Part. - Energia Elétrica,2024,22597432.0,22597432000.0,22.597432,21795029.0,1.036815872096339,False
AXIA ENERGIA S.A.,Emp. Adm. Part. - Energia Elétrica,2024,14775614.0,14775614000.0,14.775614,121999776.0,0.121111812533164,False
NEOENERGIA S.A.,Emp. Adm. Part. - Energia Elétrica,2024,8209000.0,8209000000.0,8.209,32747000.0,0.250679451552814,False
ENERGISA S.A.,Emp. Adm. Part. - Energia Elétrica,2024,7219816.0,7219816000.0,7.219816,22143222.0,0.3260508339752905,False
ALUPAR INVESTIMENTO S/A,Emp. Adm. Part. - Energia Elétrica,2024,3010892.0,3010892000.0,3.010892,11723503.0,0.2568252850705118,False
ITAÚSA S.A.,Emp. Adm. Part. - Intermediação Financeira,2024,57730000.0,57730000000.0,57.73,94997000.0,0.6077034011600366,False
METALURGICA GERDAU S.A.,Emp. Adm. Part. - Metalurgia e Siderurgia,2024,24391212.0,24391212000.0,24.391212,58253714.0,0.41870655663259515,False
WEG S.A.,"Emp. Adm. Part. - Máqs., Equip., Veíc. e Peças",2024,12186378.0,12186378000.0,12.186378,23125217.0,0.5269735631021322,False
SUZANO HOLDING S.A.,Emp. Adm. Part. - Papel e Celulose,2024,6976293.0,6976293000.0,6.976293,32479559.0,0.21479026239241733,False
ULTRAPAR PARTICIPACOES S.A.,Emp. Adm. Part. - Petróleo e Gás,2024,5043653.0,5043653000.0,5.043653,15823444.0,0.3187455904037073,False
CAIXA SEGURIDADE PARTICIPAÇÕES S.A.,Emp. Adm. Part. - Seguradoras e Corretoras,2024,7347428.0,7347428000.0,7.347428,12889324.0,0.57003982520728,False
YBYRÁ CAPITAL S.A.,Emp. Adm. Part. - Sem Setor Principal,2024,-73391.0,-73391000.0,-0.073391,4662466681.0,-1.5740809537379726e-05,False
MOTIVA INFRAESTRUTURA DE MOBILIDADE S.A.,Emp. Adm. Part. - Serviços Transporte e Logística,2024,3166116.0,3166116000.0,3.166116,14002086.0,0.22611745135689068,False
RUMO S.A.,Emp. Adm. Part. - Serviços Transporte e Logística,2024,-454650.0,-454650000.0,-0.45465,14935155.0,-0.03044159903261801,False
AZUL S.A.,Emp. Adm. Part. - Serviços Transporte e Logística,2024,-11531827.0,-11531827000.0,-11.531827,-30435270.0,0.37889681938093533,True
GOL LINHAS AEREAS INTELIGENTES S.A.,Emp. Adm. Part. - Serviços Transporte e Logística,2024,-14578724.0,-14578724000.0,-14.578724,-29090519.0,0.5011503576130766,True
CLARO TELECOM PARTICIPAÇÕES S.A.,Emp. Adm. Part. - Telecomunicações,2024,1671484.0,1671484000.0,1.671484,20107795.0,0.08312617072135457,False
ENGIE BRASIL ENERGIA S.A.,Energia Elétrica,2024,23195703.0,23195703000.0,23.195703,12280398.0,1.8888396776716845,False
ISA ENERGIA BRASIL,Energia Elétrica,2024,12890186.0,12890186000.0,12.890186,20071282.0,0.6422203624063475,False
CIA ENERGETICA DE MINAS GERAIS - CEMIG,Energia Elétrica,2024,12886122.0,12886122000.0,12.886122,27383079.0,0.4705870366148379,False
CIA PARANAENSE DE ENERGIA - COPEL,Energia Elétrica,2024,10253076.0,10253076000.0,10.253076,25636935.0,0.3999337674335875,False
EDP - ENERGIAS DO BRASIL S.A.,Energia Elétrica,2024,7709402.0,7709402000.0,7.709402,12670243.0,0.6084652046531388,False
EQUATORIAL S.A.,Energia Elétrica,2024,6644089.0,6644089000.0,6.644089,29887586.0,0.2223026309317855,False
CEMIG GERACAO E TRANSMISSAO S.A.,Energia Elétrica,2024,6094979.0,6094979000.0,6.094979,11665044.0,0.5224994436369036,False
CHINA THREE GORGES BRASIL ENERGIA S.A.,Energia Elétrica,2024,4933273.0,4933273000.0,4.933273,18801386.0,0.26238879410273264,False
COPEL GERAÇÃO E TRANSMISSÃO S.A.,Energia Elétrica,2024,3007485.0,3007485000.0,3.007485,14239413.0,0.2112084957434692,False
AXIA ENERGIA NORDESTE S.A.,Energia Elétrica,2024,2914646.0,2914646000.0,2.914646,34615192.0,0.08420135297819524,False
AXIA ENERGIA NORTE S.A.,Energia Elétrica,2024,2728497.0,2728497000.0,2.728497,31672653.0,0.08614677778965975,False
ENEVA S.A,Energia Elétrica,2024,852904.0,852904000.0,0.852904,20214767.0,0.042192126181815504,False
AUREN ENERGIA S.A.,Energia Elétrica,2024,-91640.0,-91640000.0,-0.09164,14483354.0,-0.006327263698726137,False
VALE S.A.,Extração Mineral,2024,141970000.0,141970000000.0,141.97,213720000.0,0.6642803668351114,False
CSN MINERAÇÃO S.A.,Extração Mineral,2024,8096455.0,8096455000.0,8.096455,10269114.0,0.788427803995554,False
HYPERA S.A.,Farmacêutico e Higiene,2024,2981425.0,2981425000.0,2.981425,12101819.0,0.24636172462999156,False
NATURA &CO HOLDING S.A.,Farmacêutico e Higiene,2024,-5955170.0,-5955170000.0,-5.95517,15671587.0,-0.37999789044976745,False
CIELO S.A. -  INSTITUIÇÃO DE PAGAMENTO,Intermediação Financeira,2024,4238453.0,4238453000.0,4.238453,11969172.0,0.3541141358817469,False
METISA METALURGICA TIMBOENSE S.A.,Metalurgia e Siderurgia,2024,117798081.0,117798081000.0,117.798081,459343392.0,0.2564488420897976,False
GERDAU S.A.,Metalurgia e Siderurgia,2024,12136045.0,12136045000.0,12.136045,58173786.0,0.20861707367644938,False
HAGA S.A. INDUSTRIA E COMERCIO,Metalurgia e Siderurgia,2024,5048205.0,5048205000.0,5.048205,-51312367.0,-0.09838183843672618,True
USINAS SID DE MINAS GERAIS S.A.-USIMINAS,Metalurgia e Siderurgia,2024,3287460.0,3287460000.0,3.28746,26683688.0,0.12320111073102039,False
CIA SIDERURGICA NACIONAL,Metalurgia e Siderurgia,2024,-2270984.0,-2270984000.0,-2.270984,15459116.0,-0.1469025783880527,False
EMBRAER S.A.,"Máquinas, Equipamentos, Veículos e Peças",2024,2708186.0,2708186000.0,2.708186,20710908.0,0.13076133600709347,False
COBRASMA S.A.,"Máquinas, Equipamentos, Veículos e Peças",2024,-6831691.0,-6831691000.0,-6.831691,-27235984.0,0.2508332726293274,True
SUZANO S.A.,Papel e Celulose,2024,7061675.0,7061675000.0,7.061675,32415575.0,0.21784821031248097,False
ELDORADO BRASIL CELULOSE S.A.,Papel e Celulose,2024,3442703.0,3442703000.0,3.442703,10820526.0,0.3181641077337645,False
PETROLEO BRASILEIRO S.A. PETROBRAS,Petróleo e Gás,2024,324350000.0,324350000000.0,324.35,367514000.0,0.8825514130073956,False
PRIO S.A.,Petróleo e Gás,2024,15481511.0,15481511000.0,15.481511,25924192.0,0.5971839353758837,False
PRIO FORTE S.A.,Petróleo e Gás,2024,6983089.0,6983089000.0,6.983089,22271345.0,0.3135459039406915,False
BRAVA ENERGIA S.A.,Petróleo e Gás,2024,-968952.0,-968952000.0,-0.968952,10523671.0,-0.09207357394582176,False
CIA SANEAMENTO BASICO EST SAO PAULO,"Saneamento, Serv. Água e Gás",2024,26206188.0,26206188000.0,26.206188,36928054.0,0.7096552664269826,False
EQUIPAV SANEAMENTO S.A.,"Saneamento, Serv. Água e Gás",2024,4043504.0,4043504000.0,4.043504,10743546.0,0.3763658665397812,False
AEGEA SANEAMENTO E PARTICIPAÇÕES S.A.,"Saneamento, Serv. Água e Gás",2024,3993213.0,3993213000.0,3.993213,11403835.0,0.3501640456916467,False
PORTO SEGURO S.A.,Seguradoras e Corretoras,2024,5005639.0,5005639000.0,5.005639,14145398.0,0.3538704955491532,False
REDE D'OR SÃO LUIZ S.A.,Serviços Médicos,2024,6047821.0,6047821000.0,6.047821,26701868.0,0.2264943036944082,False
HAPVIDA PARTICIPAÇÕES E INVESTIMENTOS S.A.,Serviços Médicos,2024,-2528010.0,-2528010000.0,-2.52801,48676923.0,-0.051934465948063314,False
LOCALIZA RENT A CAR S.A.,Serviços Transporte e Logística,2024,7232800.0,7232800000.0,7.2328,26342714.0,0.2745654832679731,False
COMPANHIA DE LOCAÇÃO DAS AMÉRICAS,Serviços Transporte e Logística,2024,1555715.0,1555715000.0,1.555715,17041633.0,0.09128908010165458,False
TELEFÔNICA BRASIL S.A,Telecomunicações,2024,10597309.0,10597309000.0,10.597309,69799495.0,0.1518250096222043,False
TIM BRASIL SERVIÇOS E PARTICIPAÇÕES S.A.,Telecomunicações,2024,4820405.0,4820405000.0,4.820405,22681077.0,0.21252981064347165,False
OI S.A. - EM RECUPERAÇÃO JUDICIAL,Telecomunicações,2024,4182354.0,4182354000.0,4.182354,-16286602.0,-0.2567972128256097,True
V. TAL - REDE NEUTRA DE TELECOMUNICAÇÕES S.A.,Telecomunicações,2024,1249981.0,1249981000.0,1.249981,25872676.0,0.04831278372596634,False
PETTENATI S.A. INDUSTRIA TEXTIL,Têxtil e Vestuário,2024,102578941.0,102578941000.0,102.578941,481583320.0,0.21300351723145228,False
RAIZEN ENERGIA S.A.,"Agricultura (Açúcar, Álcool e Cana)",2025,-7411643.0,-7411643000.0,-7.411643,15124031.0,-0.4900573795438531,False
COSAN S.A.,"Agricultura (Açúcar, Álcool e Cana)",2025,-36712334.0,-36712334000.0,-36.712334,31009632.0,-1.183900989215222,False
JBS S.A.,Alimentos,2025,23239906.0,23239906000.0,23.239906,51594835.0,0.4504308619263924,False
MARFRIG GLOBAL FOODS S.A.,Alimentos,2025,4643545.0,4643545000.0,4.643545,14317085.0,0.324335924526536,False
BCO BRASIL S.A.,Bancos,2025,45953502.0,45953502000.0,45.953502,193567416.0,0.2374030864781498,False
BCO BRADESCO S.A.,Bancos,2025,41466789.0,41466789000.0,41.466789,178948630.0,0.23172454016552124,False
BCO SANTANDER (BRASIL) S.A.,Bancos,2025,26378886.0,26378886000.0,26.378886,126553144.0,0.2084411747210326,False
BANCO DO ESTADO DO RIO GRANDE DO SUL SA,Bancos,2025,2442349.0,2442349000.0,2.442349,11465151.0,0.21302370984908964,False
AMBEV S.A.,Bebidas e Fumo,2025,61670770.0,61670770000.0,61.67077,88774781.0,0.6946879429643426,False
"B3 S.A. - BRASIL, BOLSA, BALCÃO",Bolsas de Valores/Mercadorias e Futuros,2025,18327126.0,18327126000.0,18.327126,17464079.0,1.049418409066977,False
VIVARA PARTICIPAÇÕES S.A.,Comércio (Atacado e Varejo),2025,1272896247.0,1272896247000.0,1272.896247,2949566841.0,0.43155361977436874,False
VIBRA ENERGIA S/A,Comércio (Atacado e Varejo),2025,16692000.0,16692000000.0,16.692,20741000.0,0.8047827973578902,False
LOJAS RENNER S.A.,Comércio (Atacado e Varejo),2025,5308468.0,5308468000.0,5.308468,10456281.0,0.5076822246839006,False
BTG PACTUAL COMMODITIES SERTRADING S.A.,Comércio (Atacado e Varejo),2025,1383195.0,1383195000.0,1.383195,12193015.0,0.11344158930338395,False
MAGAZINE LUIZA S.A.,Comércio (Atacado e Varejo),2025,653320.0,653320000.0,0.65332,11278030.0,0.05792855667168823,False
RAÍZEN S.A.,Comércio (Atacado e Varejo),2025,-3562818.0,-3562818000.0,-3.562818,18175938.0,-0.1960183843056683,False
CYRELA BRAZIL REALTY S.A.EMPREEND E PART,"Construção Civil, Mat. Constr. e Decoração",2025,4316881.0,4316881000.0,4.316881,11466784.0,0.3764683279985042,False
VOTORANTIM CIMENTOS S.A.,"Construção Civil, Mat. Constr. e Decoração",2025,4252279.0,4252279000.0,4.252279,19958000.0,0.21306137889568094,False
BRF S.A.,Emp. Adm. Part. - Alimentos,2025,6980093.0,6980093000.0,6.980093,15030148.0,0.4644061389149328,False
REVEE S.A.,Emp. Adm. Part. - Brinquedos e Lazer,2025,12042000.0,12042000000.0,12.042,132042000.0,0.0911982551006498,False
QUALITY SOFTWARE S.A.,Emp. Adm. Part. - Comunicação e Informática,2025,51514516.0,51514516000.0,51.514516,122773556.0,0.41958967124809843,False
GRUPO MATEUS S.A.,Emp. Adm. Part. - Comércio (Atacado e Varejo),2025,6259852.0,6259852000.0,6.259852,11467816.0,0.5458626123753643,False
ALLOS S.A.,Emp. Adm. Part. - Comércio (Atacado e Varejo),2025,3514542.0,3514542000.0,3.514542,13899006.0,0.2528628306225639,False
BR MALLS PARTICIPACOES S.A.,Emp. Adm. Part. - Comércio (Atacado e Varejo),2025,3106052.0,3106052000.0,3.106052,12418515.0,0.2501146071007685,False
COGNA EDUCAÇÃO S.A.,Emp. Adm. Part. - Educação,2025,1577666.0,1577666000.0,1.577666,13454750.0,0.1172571768334603,False
CEL PARTICIPAÇÕES S.A. - CELPAR,Emp. Adm. Part. - Educação,2025,293187.0,293187000.0,0.293187,-13574293.0,-0.02159869394302893,True
CPFL ENERGIA S.A.,Emp. Adm. Part. - Energia Elétrica,2025,23008214.0,23008214000.0,23.008214,23504509.0,0.9788851151921532,False
AXIA ENERGIA S.A.,Emp. Adm. Part. - Energia Elétrica,2025,16940411.0,16940411000.0,16.940411,118501657.0,0.1429550558942817,False
NEOENERGIA S.A.,Emp. Adm. Part. - Energia Elétrica,2025,8739000.0,8739000000.0,8.739,36584000.0,0.23887491799693855,False
ENERGISA S.A.,Emp. Adm. Part. - Energia Elétrica,2025,7776354.0,7776354000.0,7.776354,21184544.0,0.3670767706871576,False
ALUPAR INVESTIMENTO S/A,Emp. Adm. Part. - Energia Elétrica,2025,3593099.0,3593099000.0,3.593099,12576514.0,0.28569912139405246,False
ITAÚSA S.A.,Emp. Adm. Part. - Intermediação Financeira,2025,62874000.0,62874000000.0,62.874,93379000.0,0.6733205538718555,False
METALURGICA GERDAU S.A.,Emp. Adm. Part. - Metalurgia e Siderurgia,2025,12048472.0,12048472000.0,12.048472,53858747.0,0.2237050186109974,False
WEG S.A.,"Emp. Adm. Part. - Máqs., Equip., Veíc. e Peças",2025,13094721.0,13094721000.0,13.094721,18553364.0,0.7057868858714786,False
SUZANO HOLDING S.A.,Emp. Adm. Part. - Papel e Celulose,2025,6351517.0,6351517000.0,6.351517,42648767.0,0.14892615770111245,False
ULTRAPAR PARTICIPACOES S.A.,Emp. Adm. Part. - Petróleo e Gás,2025,5067808.0,5067808000.0,5.067808,17730617.0,0.28582242795047685,False
BB SEGURIDADE PARTICIPAÇÕES S.A.,Emp. Adm. Part. - Seguradoras e Corretoras,2025,17720682.0,17720682000.0,17.720682,10384393.0,1.7064725882389082,False
CAIXA SEGURIDADE PARTICIPAÇÕES S.A.,Emp. Adm. Part. - Seguradoras e Corretoras,2025,8056744.0,8056744000.0,8.056744,13550484.0,0.5945724152731371,False
VLI MULTIMODAL S.A,Emp. Adm. Part. - Serviços Transporte e Logística,2025,16341054.0,16341054000.0,16.341054,24982530.0,0.654099244552093,False
MOTIVA INFRAESTRUTURA DE MOBILIDADE S.A.,Emp. Adm. Part. - Serviços Transporte e Logística,2025,4815112.0,4815112000.0,4.815112,16282437.0,0.29572428255057887,False
RUMO S.A.,Emp. Adm. Part. - Serviços Transporte e Logística,2025,-168234.0,-168234000.0,-0.168234,14048438.0,-0.011975281522401281,False
AZUL S.A.,Emp. Adm. Part. - Serviços Transporte e Logística,2025,-9026513.0,-9026513000.0,-9.026513,-29038062.0,0.3108510822795268,True
GOL LINHAS AEREAS INTELIGENTES S.A.,Emp. Adm. Part. - Serviços Transporte e Logística,2025,-14744066.0,-14744066000.0,-14.744066,-17002393.0,0.8671759322349507,True
CLARO TELECOM PARTICIPAÇÕES S.A.,Emp. Adm. Part. - Telecomunicações,2025,3400527.0,3400527000.0,3.400527,24906178.0,0.13653347374294042,False
ENGIE BRASIL ENERGIA S.A.,Energia Elétrica,2025,21482280.0,21482280000.0,21.48228,13914493.0,1.5438780270326773,False
ISA ENERGIA BRASIL,Energia Elétrica,2025,12127492.0,12127492000.0,12.127492,21437011.0,0.5657268170455293,False
CIA ENERGETICA DE MINAS GERAIS - CEMIG,Energia Elétrica,2025,12018904.0,12018904000.0,12.018904,28581703.0,0.420510422349571,False
CIA PARANAENSE DE ENERGIA - COPEL,Energia Elétrica,2025,10974618.0,10974618000.0,10.974618,23091978.0,0.47525673201316926,False
EDP - ENERGIAS DO BRASIL S.A.,Energia Elétrica,2025,8927782.0,8927782000.0,8.927782,12083226.0,0.7388574872306451,False
EQUATORIAL S.A.,Energia Elétrica,2025,6271736.0,6271736000.0,6.271736,28327947.0,0.22139747719804756,False
CEMIG GERACAO E TRANSMISSAO S.A.,Energia Elétrica,2025,5509575.0,5509575000.0,5.509575,10892445.0,0.5058161872747579,False
CHINA THREE GORGES BRASIL ENERGIA S.A.,Energia Elétrica,2025,4956198.0,4956198000.0,4.956198,18981842.0,0.26110205742941067,False
AXIA ENERGIA NORTE S.A.,Energia Elétrica,2025,3418502.0,3418502000.0,3.418502,32677354.0,0.10461379461752013,False
COPEL GERAÇÃO E TRANSMISSÃO S.A.,Energia Elétrica,2025,3109382.0,3109382000.0,3.109382,15104658.0,0.20585583599443297,False
AXIA ENERGIA NORDESTE S.A.,Energia Elétrica,2025,3083777.0,3083777000.0,3.083777,33655080.0,0.09162887148091758,False
ENEVA S.A,Energia Elétrica,2025,2241102.0,2241102000.0,2.241102,21406342.0,0.10469336610617545,False
AUREN ENERGIA S.A.,Energia Elétrica,2025,-572012.0,-572012000.0,-0.572012,13775463.0,-0.04152397636289974,False
VALE S.A.,Extração Mineral,2025,84484000.0,84484000000.0,84.484,188926000.0,0.4471803775023025,False
HYPERA S.A.,Farmacêutico e Higiene,2025,2521007.0,2521007000.0,2.521007,12524374.0,0.201288064377509,False
NATURA COSMÉTICOS S.A.,Farmacêutico e Higiene,2025,-1024599.0,-1024599000.0,-1.024599,12976710.0,-0.07895676176781326,False
CIELO S.A. -  INSTITUIÇÃO DE PAGAMENTO,Intermediação Financeira,2025,4052346.0,4052346000.0,4.052346,13984130.0,0.28978177405387395,False
METISA METALURGICA TIMBOENSE S.A.,Metalurgia e Siderurgia,2025,71204296.0,71204296000.0,71.204296,456006957.0,0.15614738965484687,False
GERDAU S.A.,Metalurgia e Siderurgia,2025,6017500.0,6017500000.0,6.0175,53798489.0,0.1118525838151328,False
HAGA S.A. INDUSTRIA E COMERCIO,Metalurgia e Siderurgia,2025,4708147.0,4708147000.0,4.708147,-49168061.0,-0.09575620645280276,True
USINAS SID DE MINAS GERAIS S.A.-USIMINAS,Metalurgia e Siderurgia,2025,-5813344.0,-5813344000.0,-5.813344,23701381.0,-0.24527448421676357,False
CIA SIDERURGICA NACIONAL,Metalurgia e Siderurgia,2025,-6089734.0,-6089734000.0,-6.089734,15736350.0,-0.38698516492070906,False
EMBRAER S.A.,"Máquinas, Equipamentos, Veículos e Peças",2025,3915868.0,3915868000.0,3.915868,20974950.0,0.1866926023661558,False
COBRASMA S.A.,"Máquinas, Equipamentos, Veículos e Peças",2025,-8448168.0,-8448168000.0,-8.448168,-31650085.0,0.26692402247892855,True
SUZANO S.A.,Papel e Celulose,2025,6392981.0,6392981000.0,6.392981,43952173.0,0.1454531269705368,False
KLABIN S.A.,Papel e Celulose,2025,3725156.0,3725156000.0,3.725156,14401101.0,0.2586716112886091,False
BRASKEM S.A.,Petroquímicos e Borracha,2025,-23013000.0,-23013000000.0,-23.013,-16502000.0,1.3945582353654102,True
PETROLEO BRASILEIRO S.A. PETROBRAS,Petróleo e Gás,2025,295228000.0,295228000000.0,295.228,417587000.0,0.7069856101842251,False
PRIO S.A.,Petróleo e Gás,2025,12553085.0,12553085000.0,12.553085,25779881.0,0.4869333958523703,False
PRIO FORTE S.A.,Petróleo e Gás,2025,10104849.0,10104849000.0,10.104849,20189885.0,0.5004906664896803,False
BRAVA ENERGIA S.A.,Petróleo e Gás,2025,1003068.0,1003068000.0,1.003068,11774188.0,0.08519211685765507,False
CIA SANEAMENTO BASICO EST SAO PAULO,"Saneamento, Serv. Água e Gás",2025,36083244.0,36083244000.0,36.083244,42401124.0,0.8509973462024262,False
PORTO SEGURO S.A.,Seguradoras e Corretoras,2025,6114860.0,6114860000.0,6.11486,15871223.0,0.385279697727138,False
REDE D'OR SÃO LUIZ S.A.,Serviços Médicos,2025,8777743.0,8777743000.0,8.777743,21621087.0,0.40598065212909973,False
HAPVIDA PARTICIPAÇÕES E INVESTIMENTOS S.A.,Serviços Médicos,2025,-1583090.0,-1583090000.0,-1.58309,48250270.0,-0.032809971840572084,False
LOCALIZA RENT A CAR S.A.,Serviços Transporte e Logística,2025,7367560.0,7367560000.0,7.36756,25539012.0,0.2884825771646922,False
TELEFÔNICA BRASIL S.A,Telecomunicações,2025,11734875.0,11734875000.0,11.734875,69002726.0,0.17006393341619577,False
TIM BRASIL SERVIÇOS E PARTICIPAÇÕES S.A.,Telecomunicações,2025,5800850.0,5800850000.0,5.80085,19545484.0,0.29678722716715533,False
V. TAL - REDE NEUTRA DE TELECOMUNICAÇÕES S.A.,Telecomunicações,2025,-12991140.0,-12991140000.0,-12.99114,16459637.0,-0.7892725702273993,False
PETTENATI S.A. INDUSTRIA TEXTIL,Têxtil e Vestuário,2025,91740345.0,91740345000.0,91.740345,510135052.0,0.17983540758536232,False
